Id,Site ,1951,1952,1953,1954,1955,1956,1957,1958,1959,1960,1961,1962,1963,1964,1965,1966,1967,1968,1969,1970,1971,1972,1973,1974,1975,1976,1977,1978,1979,1980,1981,1982,1983,1984,1985,1986,1987,1988,1989,1990,1991,1992,1993,1994,1995,1996,1997,1998,1999,2000,2001,2002,2003,2004,2005,2006,2007,2008,2009,2010,2011,2012
1,Korup,21.592,21.417,21.208,21.275,21.108,21.142,21.383,21.558,21.525,21.558,21.192,21.508,21.725,21.308,21.242,21.567,21.633,21.808,22.05,21.792,21.125,21.617,22.117,21.333,21.267,21.533,21.992,21.608,22.3,22.208,21.575,21.567,21.875,21.517,21.867,21.758,22.317,22.058,21.542,22.408,22.033,21.508,21.6,21.8,22.008,22.025,21.8,22.325,21.95,21.758,21.892,22.05,22.4,22.175,22.45,22.175,22.167,22.075,22.467,22.575,21.983,22.2
2,Ituri,18,17.875,17.8,17.875,17.65,17.517,17.858,18.375,17.975,17.975,17.958,17.717,17.783,17.808,17.592,17.958,17.742,17.458,17.883,18.117,17.375,18,18.017,17.692,17.808,17.917,18.167,18.142,17.733,18.025,17.933,18.183,18.267,17.725,17.983,18.133,18.492,17.925,17.558,18.242,17.933,18.142,18.108,17.833,18.383,18.125,18.808,18.283,18.1,18.492,19.283,19.35,19.558,19.067,19.358,19.092,18.958,19.35,19.758,19.417,18.917,18.375
3,Rabi,22.917,22.9,22.717,22.45,22.433,22.408,22.592,22.483,22.825,22.983,22.542,22.592,23.175,22.675,22.725,23.033,22.733,22.692,22.783,22.858,22.592,22.125,22.433,22.233,21.867,21.725,22.292,22.075,22.508,22.517,22.408,22.042,22.592,22.833,22.392,22.35,22.817,22.808,22.525,22.717,22.708,22.35,22.533,22.4,22.892,22.733,22.683,23.458,22.767,22.742,22.908,23.242,23.025,22.633,22.908,23.075,22.825,22.625,22.867,23.017,22.842,23
4,Mpala,9.7333,10.033,9.7667,9.6583,9.6,9.15,9.9333,9.9833,10.275,10.042,10.092,9.4167,9.4917,9.0667,8.9917,9.525,9.3083,8.6333,9.15,9.6583,8.7667,9.75,9.6917,9.0667,9.2417,9.6083,9.5667,9.3417,9.5917,9.5083,9.5333,9.55,9.975,9.3917,9.6167,9.7333,10.05,9.9917,9.575,9.7667,9.2917,9.8833,9.675,9.7,10.183,9.9417,10.183,10.133,10.183,10.325,10.375,11.117,10.892,10.483,10.383,10.433,10.258,9.9417,10.775,10.65,10.642,10.133
5,Wanang,21.458,21.675,21.617,21.575,21.583,21.642,21.65,21.8,21.5,21.4,21.233,21.35,21.242,21.408,21.217,21.525,21.258,21.467,21.7,21.633,21.442,21.65,21.942,21.625,21.75,21.567,21.792,22.042,22.125,22.092,22.017,21.792,22.042,21.842,21.733,21.908,22.275,22.167,22.025,22.117,21.9,21.892,22.217,21.75,21.608,21.583,21.7,21.775,21.717,21.792,21.742,21.725,21.842,21.817,21.708,21.717,21.717,21.708,21.725,21.75,21.725,21.725
6,Kuala Belalong,22.808,22.858,22.567,22.292,22.225,22.225,22.667,22.85,22.575,22.633,22.242,22.258,22.3,22.058,21.867,22.117,21.683,21.692,21.892,21.792,21.933,22.233,22.558,21.983,22.233,21.758,22.167,22.158,22.183,22.175,22.175,22.233,22.658,22.225,22.233,22.35,22.65,22.617,22.325,22.567,22.658,22.417,22.458,22.575,22.65,22.467,22.733,23.233,22.767,22.808,22.917,22.95,23.017,22.9,22.883,22.833,22.817,22.483,22.917,22.9,22.725,22.842
7,Dinghushan,17.55,17.942,17.908,17.483,17.058,17.442,17.7,17.708,17.933,17.867,17.917,17.108,17.467,17.95,17.85,18.292,17.408,17.708,17.208,17.492,17.2,17.75,18.308,17.442,17.9,17.275,17.642,18.1,18,18.25,18.2,18.208,17.775,17.517,17.85,17.892,18.883,17.825,18.333,18.958,19.033,18.233,18.45,19.142,18.592,17.817,18.425,19.075,18.55,18.617,18.775,19.108,18.767,18.608,18.942,19.183,19.033,18.475,18.867,18.783,17.208,17.867
8,Heishiding,16.842,17.45,17.708,17.033,16.717,16.467,17.175,17.225,17.4,17.292,17.2,16.583,17.017,17.217,17.4,17.525,16.6,17.075,16.483,16.725,16.475,17.142,17.6,16.875,17.175,16.55,17.067,17.325,17.358,17.408,17.333,17.325,16.967,16.442,16.983,17.025,17.85,16.775,17.442,17.983,17.917,17.292,17.375,18.117,17.725,16.958,17.625,18.325,17.658,17.592,17.775,18.267,17.908,17.6,17.817,18.083,17.875,17.3,17.8,17.783,16.317,17.067
9,Hong Kong,18.783,19.392,19.45,19.383,19.242,19.083,19.142,19.475,19.833,19.858,19.558,18.583,19.175,19.15,19.4,20.058,19.242,19.408,19.058,19.217,19.042,19.275,19.7,19.033,19.35,18.808,19.483,19.283,19.325,19.283,19.575,19.508,19.675,19.1,19.233,19.233,19.883,19.258,19.442,19.642,19.658,19.025,19.683,20.2,19.267,19.558,19.475,19.983,19.642,19.667,19.842,20.25,20.075,20.292,19.725,20.3,20.392,19.625,19.758,19.7,19.05,19.592
10,Jianfengling,20.592,21.117,20.9,20.683,20.392,20.55,20.717,20.767,21.15,21.083,20.933,20.583,20.617,21.008,21.233,21.667,20.375,20.35,20.483,20.667,20.042,20.85,21.3,20.35,20.883,20.517,20.85,20.958,21.058,21.367,21.267,20.933,20.942,20.3,20.8,21.092,21.867,21.067,21.142,21.683,21.808,21.525,21.467,21.983,21.508,21.433,21.792,22.6,21.825,21.967,22.208,22.467,22.292,22.108,22.075,22.125,21.167,20.7,21.85,22.167,21.025,22.033
11,Nonggang,17.983,18.333,18.083,18.192,17.625,17.642,18.125,17.767,18.092,18.175,18.167,17.408,17.883,18.117,18.242,18.608,17.642,18.242,17.858,18.375,17.358,18.333,18.508,17.817,18.367,17.85,17.983,18.558,18.583,18.9,18.617,18.692,18.292,18.092,18.433,18.508,18.867,18.417,18.483,19.167,19.275,18.458,18.383,18.958,18.767,18.325,19.208,19.633,18.608,18.5,18.633,19.025,18.575,18.067,18.55,18.658,18.317,17.642,18.683,18.775,17.675,19.008
12,Xishuangbanna,14.608,14.5,14.525,14.317,14.392,14.517,14.142,14.383,14.842,14.925,14.633,14.45,14.217,14.9,14.95,15.642,14.958,14.867,15.183,15.275,14.708,15.317,15.533,14.625,15.342,14.95,14.917,15.5,15.85,15.8,15.883,15.558,15.483,15.592,15.55,15.408,16.2,15.675,15.3,15.875,16.433,15.367,15.683,16,16.025,15.725,15.875,16.683,16.075,16.225,16.225,16.117,16.258,15.625,16.358,16.075,15.775,16.183,16.567,16.983,15.933,16.867
13,Mudumalai,18.417,18.55,18.483,18.25,18.383,18.275,18.708,18.975,18.733,18.6,18.708,18.483,18.542,18.375,18.575,18.9,17.992,18.467,18.692,18.4,18.067,18.525,18.692,18,18.15,18.525,18.725,18.95,19.467,19.142,19.225,19.308,19.458,18.767,19.033,19.175,19.25,19.133,18.6,19.083,19.05,18.483,18.7,18.683,18.967,18.917,19.325,19.617,18.733,18.983,19.425,19.558,19.775,19.117,19.408,19.333,19.408,19.158,19.467,19.567,19.183,19.692
14,Danum Valley,21.508,21.517,21.233,20.75,20.95,20.683,21.117,21.308,20.95,21.167,20.725,20.983,20.85,20.675,20.7,20.958,20.692,20.65,20.883,20.883,20.783,20.833,21.042,20.9,21.167,20.742,21.183,21.183,21.258,21.35,21.6,21.5,21.758,21.425,21.542,21.683,22.075,22.158,22.05,22.158,22.125,21.917,22.017,22.108,22.125,21.942,22.15,22.417,22.167,22.208,22.192,22.167,22.117,22.1,22.008,21.933,22,21.733,22.117,21.967,21.925,22.092
15,Lambir,22.725,22.883,22.633,22.533,22.425,22.417,22.767,22.908,22.65,22.642,22.233,22.158,22.217,21.992,21.65,21.95,21.475,21.517,21.85,21.725,21.958,22.333,22.667,22.092,22.317,21.767,22.142,22.117,22.092,22.042,22.158,22.192,22.658,22.183,22.133,22.225,22.517,22.442,22.075,22.342,22.508,22.25,22.283,22.392,22.467,22.325,22.525,23.083,22.592,22.683,22.758,22.85,22.808,22.725,22.767,22.825,22.708,22.217,22.667,22.617,22.5,22.625
16,Pasoh,21.092,21.142,21.192,20.992,21.033,20.917,21.333,21.442,21.375,21.325,21.158,21.192,21.258,21.208,21.067,21.2,21.117,20.958,21.233,21.25,20.617,20.967,21.233,20.833,20.692,20.567,20.883,21,21.142,21.217,21.2,21.242,21.758,21.108,21.125,21.25,21.717,21.725,21.292,21.683,21.783,21.725,21.75,21.817,22.192,22.008,22.267,22.683,22.15,22.208,22.317,22.542,22.542,22.375,22.658,22.35,22.458,22.417,22.692,22.858,22.675,22.625
17,Palanan,19.958,20.267,20.175,20.025,19.608,19.958,20.117,19.817,19.958,20.333,20.025,19.775,19.45,20.042,19.883,20.383,19.575,19.558,19.992,20.133,19.575,19.775,20.108,20.067,19.892,19.858,20.05,19.9,19.775,20.142,19.725,20.092,20.525,20.133,20.092,20.133,20.4,20.233,19.875,19.917,20.008,19.658,19.692,20.008,20.092,19.975,19.883,20.617,20.242,20.442,20.425,20.108,19.975,20.367,20.067,20.533,20.808,20.425,20.508,20.7,20.608,20.95
18,Bukit Timah,23.125,23.242,22.983,22.642,22.733,22.275,22.775,23.025,22.975,22.933,22.892,22.642,22.883,22.625,22.533,22.783,22.583,22.375,22.467,22.567,22.15,22.458,22.55,22.3,22.242,22.383,22.817,23.233,23.175,23.158,23.342,23.608,23.692,23.008,23.258,23.317,23.625,23.675,23.258,23.733,23.5,23.567,23.675,23.908,23.925,23.708,24.225,24.175,23.758,23.675,23.775,24.167,23.7,23.775,23.808,23.675,23.742,23.9,24.133,24.283,24.008,24.083
19,Sinharaja,22.775,23.033,23,22.625,22.7,22.692,23.033,23.35,22.933,22.875,22.9,22.983,22.883,23,23.142,23.275,22.925,23.108,23.192,23.175,22.842,23.167,23.325,22.625,22.883,23,23.058,23.35,23.633,23.583,23.35,23.108,23.5,23.058,23.117,23.158,23.7,23.55,23.158,23.567,23.4,23.125,23.15,23.167,23.525,23.3,23.5,24.042,23.15,23.4,23.767,23.783,23.808,23.7,23.725,23.567,23.55,23.367,23.65,23.842,23.708,23.792
20,Fushan,17.742,18.108,18.308,18.333,17.642,17.908,17.825,17.85,18.133,17.958,18.042,17.358,17.067,17.883,17.6,18.033,17.375,17.092,17.267,17.558,17.117,17.508,18.042,17.742,17.892,17.475,18.217,17.983,18.033,18.192,17.933,17.95,18.258,17.525,17.85,17.358,18.108,17.975,17.767,18.508,18.133,17.592,18.092,18.65,17.858,17.983,18.317,19.333,18.608,18.7,18.692,18.683,18.658,18.45,18.2,18.775,18.942,18.375,18.567,18.533,18.25,18.508
21,Kenting,20.2,20.675,20.717,20.742,19.792,20.158,20.158,20.033,20.008,20.417,20.158,19.942,19.7,20.542,20.225,20.4,19.917,19.458,19.925,20.317,19.667,19.817,20.2,19.892,19.95,19.8,20.083,19.55,19.05,20.15,19.917,19.5,19.342,18.883,19.242,18.8,19.725,20.075,19.617,20,19.808,19.475,19.617,19.925,19.767,19.875,19.742,20.925,19.75,20.25,20.442,20.433,20.333,20.375,20,20.592,20.8,20.333,20.417,20.467,20.492,20.808
22,Lienhuachih,13.25,13.65,13.775,13.35,12.475,13.108,13.108,12.933,13.017,13.142,13.05,12.383,12.05,13.108,12.767,13.433,12.9,12.1,12.775,13.242,12.45,12.617,13.083,12.717,12.808,12.392,12.733,12.925,12.542,13.108,12.925,12.833,12.8,12.567,12.783,12.75,13.225,13.425,12.825,13.2,13.4,12.658,13.125,13.483,13.175,13.383,13.25,14.367,13.7,13.592,13.942,13.992,13.675,13.658,13.275,13.875,14.092,13.5,13.558,13.542,13.475,13.758
23,Nanjenshan,19.233,19.733,19.658,19.9,18.95,19.242,19.242,19.2,19.217,19.492,19.358,19.075,18.85,19.608,19.358,19.625,19.042,18.458,18.792,19.317,18.775,18.883,19.375,18.925,19.083,18.875,19.2,18.85,18.55,19.342,19.05,18.842,18.675,18.267,18.492,18.233,18.975,19.233,18.967,19.475,19.208,18.825,18.992,19.2,18.792,18.942,18.833,20.008,19.008,19.383,19.708,19.758,19.575,19.65,19.242,19.85,20.067,19.542,19.617,19.675,19.675,19.983
24,Zenlun,13.808,14.258,14.242,14.008,13.175,13.725,13.7,13.583,13.625,13.675,13.6,13.108,12.842,13.825,13.425,14.092,13.533,12.725,13.358,13.842,13.033,13.225,13.7,13.375,13.492,13.058,13.275,13.433,13.125,13.75,13.45,13.342,13.275,13.125,13.325,13.125,13.858,14.075,13.442,13.725,13.825,13.183,13.608,14.017,13.692,13.933,13.733,14.775,13.958,14.017,14.417,14.45,14.183,14.208,13.783,14.4,14.617,14.05,14.133,14.133,14.083,14.375
25,Doi Inthanon,16.933,16.817,16.933,16.375,15.65,15.975,16.367,16.542,16.783,16.992,16.683,16.425,16.358,16.433,16.667,17.183,16.525,16.4,16.408,16.7,15.825,16.542,16.342,16.025,17.308,16.217,16.025,17.442,18,17.592,17.108,16.567,17.042,17.067,17.075,16.692,17.183,16.5,16.108,16.583,17.292,16.492,16.6,16.667,16.825,16.633,16.583,17.042,16.958,16.742,17.175,17.092,16.95,16.65,16.792,16.475,16.75,17.808,17.775,18.35,17.433,18.133
26,Huai Kha Khaeng,18.975,18.833,18.833,18.45,17.842,17.908,18.617,18.842,19.075,19.183,18.95,18.292,18.733,18.85,18.933,19.558,18.808,18.892,18.825,18.633,18.283,19.375,19.025,18.717,18.95,18.442,19.1,19.45,19.583,19.5,18.642,18.6,18.667,18.792,18.892,18.55,18.992,18.667,18.517,19.142,19.642,19.033,19.3,19.35,19.025,18.742,18.858,19.475,18.967,19.258,19.433,19.358,18.783,18.742,19.475,19.075,18.875,18.967,19.317,20.258,18.992,20.075
27,Khao Chong,21.533,21.733,21.925,21.683,21.3,21.275,21.95,21.725,22.092,22.217,22.033,21.908,21.725,21.9,21.883,22.092,21.817,21.65,22.183,22.3,21.7,22.042,22.283,21.733,22.008,21.633,22.192,22.308,22.375,22.242,21.658,21.692,21.933,21.667,21.617,21.808,22.1,22.242,21.883,22.092,22.125,21.85,21.817,22.15,22.05,22.375,22.333,22.858,22.442,22.625,22.842,23.125,23.117,23.142,23.075,23.033,22.633,22.65,22.583,23.15,22.725,22.817
28,Mo Singto,21.592,21.633,21.692,21.358,20.783,21.008,21.592,21.867,21.867,21.892,21.8,21.283,21.142,21.467,21.775,22.608,21.808,22.275,22.567,22.2,21.275,22.25,22.267,21.825,22.2,21.842,22.158,22.633,22.842,22.625,21.775,21.8,22.05,21.783,21.875,21.725,22.05,21.975,21.717,22.217,22.683,22.4,22.358,22.592,22.225,22.067,22.517,23.092,22,22.125,23.1,23.175,22.908,22.767,23.175,23.208,22.683,22.5,22.633,23.492,22.492,23.417
29,Haliburton Forest,-1.975,-0.9,-0.225,-1.8,-1.6083,-2.3167,-1.85,-2.775,-2.5583,-2.825,-1.5667,-2.6667,-2.9583,-1.3667,-2.325,-1.6667,-1.8583,-1.5,-1.4417,-2.0333,-1.6167,-2.5083,-0.083333,-1.5167,-0.99167,-2.825,-1.3333,-2.7,-1.1,-2.1583,-1.1083,-1.5667,-0.61667,-0.43333,-1.275,-0.68333,0.0083333,-1.1083,-3.1167,-0.54167,-0.76667,-2.2917,-1.7417,-1.8417,-1.4667,-1.3667,-1.85,0.7,-0.5,-1.6833,-0.083333,-0.525,-1.9667,-1.675,-0.78333,0.525,-1.1083,-1.3,-1.6583,0.475,-0.33333,0.96667
30,Scotty Creek ,-10.408,-7.9583,-7.3833,-9.0167,-10.55,-9.8583,-8.6333,-7.5583,-9.6083,-8.4333,-10.35,-8.5083,-9.1167,-10.033,-9.6333,-11.275,-10.142,-9.6417,-9.275,-8.9167,-10.442,-11.208,-9.2667,-10.95,-9.8667,-7.8583,-8.425,-8.75,-9.1917,-8.1083,-7.1167,-11.067,-9.75,-9.1167,-8.95,-8.6333,-6.875,-8.1583,-8.9583,-9.5917,-8.275,-8.35,-6.7667,-8.4667,-8.3833,-9.4,-7.7417,-6.2333,-7.1333,-8.05,-7.5667,-8.6,-7.625,-8.95,-6.7667,-7.5417,-8.0083,-8.6083,-9.3167,-6.9833,-7.9833,-8.1
31,Harvard Forest,2.1417,2.35,2.7667,2.275,2.4667,1.3583,1.8333,1.4167,2.5,1.3917,1.175,0.6,0.2,0.825,0.89167,1.175,1.4917,1.45,2.3083,1.525,1.6,1.3917,3.7,2.5333,3.5417,1.475,2.075,1,2.7417,1.35,1.8667,1.1917,2.4417,2.3583,2.05,2.1417,1.825,1.9917,1.5667,3.225,2.7833,1.2833,1.4667,1.325,2.0083,2.3917,2.1667,3.8583,2.925,2.0917,2.275,2.9083,1.9167,2.45,2.375,3.6833,2.375,2.5083,2.1833,3.7333,3.3083,4.2917
32,Lilly Dickey Woods,4.7667,5.9333,5.9,6.2833,5.4,5.775,5.7,4.2333,5.6583,4.6167,4.7083,4.6667,3.6333,5.1417,5.475,4.7583,4.9917,5.1917,4.9333,5.175,5.425,5.075,6.5583,5.5417,5.95,3.9417,5.3,4.2333,4.3917,5.025,5.3083,5.35,6.1083,5.9667,5.4917,6.2583,6.3333,4.8333,5,6.5583,7.1583,5.975,5.7417,5.7333,5.5083,4.9917,5.4083,8.0083,6.625,5.925,6.8083,6.9917,5.7417,6.725,6.7583,7.1583,7.2417,6.0667,6.4833,7.025,7.5667,7.925
33,Santa Cruz,8.8917,8.7,8.4833,8.4833,8.0333,8.475,9.725,10.492,9.6167,9.2083,9.0833,8.625,9.0917,8.5417,8.975,8.875,9.2583,8.975,9.3167,9.3917,8.3667,9.3583,9.2917,8.9667,8.3167,8.8167,9.1,9.4833,9.7,9.4583,9.7333,9.2583,10.683,9.675,9.2917,10.225,10.308,9.8,9.3917,9.6583,9.7417,11.083,10.45,9.6667,10.817,10.65,11.067,10.117,9.3083,10.458,10.133,10.25,10.733,10.95,10.75,10.183,10.067,9.9333,10.267,10.75,9.7417,10.025
34,SCBI,5.9583,6.625,6.6833,6.225,6.2,6.5167,6.6417,5.125,5.65,4.3083,6.05,5.6083,4.9,5.8083,5.7583,5.1167,5.0583,5.2167,5.325,5.55,6.2333,6.0583,6.875,6.35,6.65,5.3083,6.2417,5.375,6.1833,6.0333,5.6917,6.1417,6.025,6.45,6.3917,5.4833,6.325,5.2083,5.5333,6.8167,6.7667,6.4833,5.8833,5.9417,6.3833,5.9,4.4417,6.3667,5.175,4.9833,6.5917,7.0333,6.3583,7.05,7.1167,7.4833,7.1667,6.8917,6.8417,5.8833,6.5417,6.7417
35,SERC,8.5167,9.25,9.5,8.9417,9.05,8.9083,9.0417,7.8583,8.975,7.725,8.1333,7.9,7.65,8.5167,8.1833,8.0667,7.9667,8.35,8.6083,8.5,8.2417,8.2167,9.4333,9.075,8.8333,7.6,8.6583,7.3833,8.1167,8.175,8,8.4083,8.375,8.725,8.9917,9.05,8.925,8.075,8.375,9.7417,9.5917,8.3917,8.525,8.9917,9.275,8.8667,7.8333,9.5667,8.7167,8.0667,8.4417,8.9333,8.2167,8.9583,8.8667,9.4583,9.0667,8.8,8.6333,9.3667,9.875,10.375
36,Tyson Research Center,6.2917,7.175,7.7417,8.05,7.2083,7.2333,7.375,6.3833,7.3333,6.575,6.2917,6.8167,6.1917,7.2583,7.475,6.3833,6.9667,6.8833,6.875,7.1833,7.5833,7.0333,8.175,7.1917,7.6833,6.075,7.5667,6.575,6.075,7.425,7.3833,6.6833,7.5,7.65,7.0083,8.15,8.3333,6.7333,6.4833,8.6333,8.9667,8.075,7.5083,8.0917,7.85,6.7583,6.8,8.9917,8.0333,7.275,8.1,8.075,7.475,8.1333,8.3083,8.35,8.4417,6.8583,7.6,8.1333,8.5167,9.2917
37,Wabikon Lake Forest,-2.4417,-1.1833,-0.58333,-1.75,-2.3083,-2.8583,-3.1083,-3.1917,-2.9333,-2.9833,-2.675,-2.8833,-3.2417,-2.6333,-2.9,-2.8833,-3.85,-2.1583,-3.2083,-3,-3.0917,-4.15,-1.1333,-3.0333,-2.5417,-4.1333,-2.1,-3.4917,-3.2083,-2.8167,-2.175,-3.0833,-1.5083,-2.1417,-3.2167,-2.4333,-1.1667,-2.875,-4.325,-2.275,-2.1417,-2.675,-3.0333,-2.6083,-2.2167,-3.6917,-2.5333,0.11667,-1.3417,-2.7917,-0.69167,-1.4833,-2.5833,-2.2,-1.4083,-0.525,-1.7833,-3.0833,-3.0333,-1.0917,-1.6583,-0.1
38,Wind River,1.2,1.6167,2.6667,1.625,1.325,1.6833,1.7,3.825,2.4083,2.0833,2.7,2.2083,2.65,1.675,2.6083,2.65,3.2167,2.7417,2.325,2.3083,2.025,1.8417,2.575,2.3417,2.2917,2.0417,2.4667,2.3417,2.4333,2.6083,3.0667,2.0333,2.95,2.4167,1.2667,3.15,2.875,2.6917,2.55,2.9833,3.0417,3.8583,2.05,2.9833,3.45,2.3083,3.3167,3.6917,2.8667,2.6167,2.6333,2.7833,3.6667,3.8083,2.8417,3.1167,2.7583,2.4417,2.65,3.1083,2.2583,3.075
39,Yosemite National Park,0.53333,0.325,0.29167,0.78333,-0.05,0.35,0.70833,1.2417,0.84167,0.69167,1.225,0.40833,0.725,0.53333,0.575,1.1417,1.075,0.85,0.84167,1.4833,0.26667,0.98333,1.3167,1.4,0.46667,0.34167,1.3417,1.675,1.25,1.8667,2.2333,0.575,1.075,1.5917,1.0917,1.6667,1.975,1.8833,1.0333,0.95833,1.7333,2.3583,1.5167,1.5833,2.3583,3,2.6583,2.3333,2.025,2.5833,2.9917,2.8917,3.8583,3.6417,3.9,3.3667,3.175,3.5,3.25,3.325,2.7,3.8417
40,Ilha do Cardoso,15.083,15.858,15.775,16.05,15.692,15.867,16.325,17.033,17.25,16.35,17.192,15.575,16.792,15.833,16.517,16.558,16.675,15.483,16.317,16.467,16.108,16.467,16.858,16.1,16.117,15.925,17.317,16.425,15.783,16.375,16.367,16.667,17.05,17.242,16.958,17.325,16.792,16.592,16.667,17.233,17.05,16.958,16.558,16.975,17.4,17.233,17.358,17.333,16.767,16.975,17.842,18.225,17.608,16.967,17.717,17.558,17.717,17.033,17.642,17.5,17.175,17.983
41,Manaus,22.817,22.883,23.142,23.2,22.692,22.458,23.233,23.75,23.242,22.242,22.117,22.333,22.642,22.542,22.75,23.008,22.783,22.633,23.158,22.917,22.65,23.1,23.208,22.75,22.692,22.992,22.458,22.233,22.783,22.642,22.567,22.708,22.992,22.433,22.508,22.85,23.433,22.908,22.533,23.108,23.275,23.083,22.925,22.825,23.392,23.075,23.35,22.9,22.108,22.433,23.083,23.258,23.417,23.225,23.417,23.125,23,22.792,23.683,23.767,23.867,23.958
42,Amacayacu,20.7,20.617,20.883,20.783,20.667,20.458,20.825,21.175,20.975,20.85,21.292,21.325,21.775,21.492,21.383,21.692,21.542,21.408,21.558,21.492,21.35,21.65,21.117,20.217,20.3,20.408,20.425,20.608,20.692,20.908,20.467,20.892,21.017,20.9,20.633,20.4,21.233,21.108,20.9,20.975,21.192,20.833,20.417,20.683,21.117,21,21.117,21.45,20.583,20.967,20.892,21.167,21.325,21.3,21.442,21.117,21.158,21.092,21.475,21.533,21.175,21.192
43,La Planada,11.1,10.858,10.475,10.333,10.517,10.633,11.4,10.867,10.842,10.625,11.033,11.058,11.075,11.067,10.675,11.117,10.708,10.525,10.8,10.883,10.483,11.767,10.783,10.5,10.817,10.917,11.192,10.775,10.825,10.883,11.367,11.725,11.725,10.825,10.758,11.192,11.425,11.642,11.292,11.475,11.45,11.708,11.317,11.183,11.425,11.283,12.158,12.333,10.583,10.392,10.817,11.358,11.15,11.408,11.175,11.392,10.783,10.683,11.583,11.3,11.058,11.292
44,Yasuni,19.975,19.775,19.65,19.425,19.692,19.592,20.2,20,19.95,19.842,20.208,20.275,20.292,20.35,19.792,20.225,19.917,19.767,19.983,20.092,19.808,20.808,19.908,19.575,19.717,19.758,19.958,19.7,19.767,19.975,20.358,20.6,20.658,19.95,19.833,20.233,20.333,20.608,20.267,20.5,20.383,20.45,19.975,20.058,20.267,20.092,20.783,21,19.592,19.683,19.717,20.358,20.275,20.358,20.217,20.233,19.8,19.8,20.533,20.375,19.975,20.167
45,Barro Colorado Island,22.692,22.65,22.35,22.125,22.142,22.783,23.1,22.95,22.2,22.417,22.342,21.883,22.258,21.95,22.017,22.65,22.15,22.325,23.033,22.458,22.317,22.792,22.958,22.283,22.008,22.533,22.817,22.908,23.033,22.942,22.883,23.075,23.758,22.758,22.975,23.208,23.675,23.317,23.083,23.6,23.3,23.383,23.442,23.308,23.367,23.183,23.667,24.083,22.625,22.708,23.125,23.467,23.9,23.575,23.483,23.792,23.467,22.975,23.583,23.408,23.225,23.042
46,Cocoli,22.592,22.467,22.233,21.883,21.883,22.658,22.917,22.892,22.133,22.258,22.108,21.725,22.158,21.867,22,22.55,22.042,22.142,22.8,22.308,22.158,22.683,22.825,22.167,21.742,22.283,22.45,22.725,22.85,22.808,22.667,22.983,23.642,22.625,22.85,22.975,23.442,23.192,22.95,23.55,23.108,23.25,23.267,23.142,23.217,22.967,23.525,23.892,22.375,22.475,22.9,23.275,23.692,23.35,23.292,23.567,23.25,22.767,23.367,23.158,23.083,22.942
47,San Lorenzo/ Sherman,22.692,22.65,22.35,22.125,22.142,22.783,23.1,22.95,22.2,22.417,22.342,21.883,22.258,21.95,22.017,22.65,22.15,22.325,23.033,22.458,22.317,22.792,22.958,22.283,22.008,22.533,22.817,22.908,23.033,22.942,22.883,23.075,23.758,22.758,22.975,23.208,23.675,23.317,23.083,23.6,23.3,23.383,23.442,23.308,23.367,23.183,23.667,24.083,22.625,22.708,23.125,23.467,23.9,23.575,23.483,23.792,23.467,22.975,23.583,23.408,23.225,23.042
48,Luquillo,21.858,21.767,21.7,21.758,22.108,21.967,22.208,22.75,22.5,22.4,22.425,22.1,22.425,22.625,22.092,22.375,21.592,21.975,22.442,22.158,21.892,22.217,21.9,22.392,22,22.183,22.308,22.108,21.817,22.517,22.467,21.942,22.792,22.025,22.042,22,22.575,22.45,21.858,22.3,22.558,22.375,22.5,22.675,22.383,22.25,22.125,22.733,22.192,21.658,22.3,22.283,22.242,22.025,22.292,22.208,22.475,22.025,22.567,22.567,22.025,22.792
49,Laupahoehoe ,14.117,13.775,13.725,14.108,13.267,13.958,14.283,13.867,14.042,14.075,14.317,13.742,14.225,14.1,13.867,14.625,15.325,15.125,14.458,14.183,14.25,14.5,14.65,14.858,14.467,14.808,15.258,15.083,14.442,15,14.567,14.8,14.017,14.892,14.225,15.642,15.125,15.383,14.708,15.208,15.058,15.192,14.758,15.383,15.283,15.408,15.233,14.267,13.808,14.425,14.567,14.867,15.008,15.408,15.417,15.058,15.158,14.85,14.492,14.667,14.883,14.708
50,Palamanui,12.908,12.75,12.542,13.008,11.8,12.917,13.008,12.983,13.325,12.817,13.042,12.667,13.417,13.025,12.95,13.375,14.117,14.1,13.375,13.242,13.65,13.333,13.442,13.983,13.208,13.267,14,13.533,13.208,13.742,13.45,13.642,12.858,13.558,12.658,14.042,13.583,13.675,13.1,13.625,13.675,13.808,13.367,14.1,14.208,14.175,13.817,12.583,12.275,12.908,13.017,13.333,13.517,14.242,14.183,13.833,13.95,13.708,13.367,13.475,13.75,13.533
51,Badagongshan,9.5917,9.8917,10.542,9.6667,9.6833,9.2833,9.7083,9.925,10.317,9.8,10.45,9.6583,9.8333,10.092,10.125,10.275,9.825,10.008,9.7,9.9417,9.45,10.167,10.333,9.9083,10.383,9.75,10.317,10.325,10.025,9.9083,10.058,9.975,10.35,9.5417,9.8667,10.117,10.158,9.9083,9.8833,10.442,10.15,9.925,9.6833,10.525,10.608,9.85,10.592,10.925,10.892,10.5,10.85,10.592,10.458,10.742,10.675,11.083,11.142,10.508,10.8,10.383,10.325,10.392
52,Baotianman,8.1833,8.6917,8.6083,8.1917,7.8917,7.3083,8.0083,8.3667,9.0583,8.5333,9.325,8.1833,8.2667,9.0667,8.3667,8.4917,8.1833,8.5,8.0167,8.1583,8.15,8.35,8.8,8.5667,9.1667,8.2,8.8833,8.7,8.4333,8.4083,8.8,8.9917,8.6833,8.4417,8.625,8.5167,8.775,8.8,9.0417,9.3667,8.6417,8.4417,8.4833,9.375,9.1,8.925,9.2417,9.975,9.9,9.8,9.8333,10.017,9.7417,9.9,10.033,10.283,10.483,9.9417,10,9.825,9.75,9.9667
53,Changbaishan,-5.625,-6.2333,-6.2083,-6.1417,-5.2917,-6.5833,-6.3333,-5.5333,-4.8917,-5.775,-5.075,-5.8083,-5.75,-6.2917,-6.4083,-5.5083,-5.775,-5.3917,-6.6083,-6.125,-5.7083,-5.625,-5,-5.9333,-4.725,-5.9167,-5.4583,-5.4083,-5.1917,-5.5917,-5.3583,-4.9833,-4.8917,-5.6,-5.4333,-5.5083,-5.6167,-4.9583,-4.7,-4.45,-5,-4.65,-4.825,-4.1,-4.3417,-5.0333,-4.6833,-3.6667,-4.5,-5.15,-5.3833,-4.5667,-4.1167,-3.7833,-4.8167,-4.4667,-3.2583,-3.8833,-4.6167,-4.4417,-4.7583,-4.8167
54,Donglingshan,-0.325,-0.025,0.05,0.31667,0.99167,-0.0083333,0.0083333,1.125,1.5,1.0333,1.4167,0.6,0.825,0.86667,0.36667,0.325,0.05,0.30833,-0.375,-0.33333,0.083333,0.19167,1.0167,0.24167,1.4417,0.44167,1,0.90833,0.825,0.63333,1.1417,1.6917,1.8917,0.80833,0.93333,0.96667,1.325,1.75,2.1417,2.0667,1.8,1.9167,1.8083,2.8417,2.6083,2.225,2.475,2.8083,2.8333,2.6417,2.575,3,2.65,3.0833,2.6417,3.1417,3.5583,2.7917,2.675,2.5167,2.9167,2.4167
55,Gutianshan,11.483,11.508,12.208,11.4,11.258,11.383,11.567,11.567,12.308,11.933,12,10.825,11.308,11.592,11.083,11.342,11.008,11.192,10.708,11.092,11.358,11.5,11.875,11.442,12.083,11.258,11.525,11.667,11.925,11.308,11.267,11.592,11.792,11.108,11.592,11.383,11.617,11.408,11.717,12.283,11.658,11.342,11.358,12.042,11.375,11.092,11.775,12.575,12.142,12.158,12.317,12.242,11.908,11.858,11.7,12.167,12.358,11.75,11.925,11.575,11.375,11.767
56,Tiantongshan,12.917,13.058,13.883,13.217,12.883,12.675,12.583,12.8,13.417,13.5,13.858,13.042,12.642,13.525,12.767,13.142,12.65,12.683,12.417,12.867,12.825,12.717,13.283,12.85,13.508,12.55,13.233,13.308,13.267,12.95,13.167,13.275,13.583,13.25,13.492,12.967,13.158,13.242,13.525,14.2,13.4,13.242,13.033,13.758,13.008,13,13.617,14.575,13.867,13.717,13.825,13.683,13.408,13.467,13.583,14.033,14.317,13.75,13.725,13.433,13.325,13.417
57,Zofin,4.375,3.5917,3.8,3.0083,3.1083,2.45,4,3.8083,3.6333,3.7417,4.1917,2.675,2.3917,3.15,2.9333,4.3667,4.175,3.6,3.1,3.6167,3.3667,3.5417,3.5083,4.5083,4.2667,3.6167,4.275,3.4167,3.35,2.925,3.7833,3.8667,3.8667,3.45,2.825,3.2917,3.0833,4.5583,4.5167,4.3333,3.6417,4.825,4.0083,5.5,4.5333,3.0083,3.725,4.6,4.6417,5.3,4.1,4.85,3.875,4.1417,3.8917,4.1583,5.3083,5.1417,5.0583,3.8583,4.8333,4.8917
58,Speulderbos,5.4667,4.8583,5.8917,5.1333,4.825,4.4333,5.7917,5.35,5.5083,5.6417,5.8167,4.3083,3.8,4.8083,4.5583,5.525,5.95,5.3,5.2,4.975,5.3583,4.85,5.0583,5.575,5.6,5.475,5.85,5.15,4.6,5.225,5.25,5.775,5.975,5.4417,4.5833,4.7167,4.8917,6.4083,6.3,6.5333,5.3,6.4083,5.4583,6.3,6.0667,4.2417,5.8917,6.1833,6.65,7.0083,6.3083,6.6917,5.7,6.15,6.3667,6.8917,6.8917,6.425,6.1167,4.8417,6.5167,6.0333
59,Wytham Woods,5.4417,5.3,5.9833,5.5167,5.15,4.8667,6.15,5.8917,6.1833,6.1417,6.075,4.7583,4.8833,5.6333,5.2583,6.0333,6.2333,6.1,5.7583,5.875,5.9333,5.6917,5.725,6,5.9167,5.9167,5.9917,5.6667,5.1833,5.7333,5.7667,6.0917,6.35,5.9167,5.3,5.15,5.65,6.325,6.6083,6.7917,6.0583,6.5333,6.1833,6.95,6.675,5.5417,6.775,6.7083,6.825,6.8,6.55,7.4583,6.6917,7.3,6.9833,7.5083,7.2583,6.8167,6.8167,5.575,7.3917,6.525
