"","Group.1","x"
"1",2011-01-05,3.668523
"2",2011-02-04,0.7471935
"3",2011-02-05,0.3813692
"4",2011-02-06,-0.9195327
"5",2011-02-07,-2.911019
"6",2011-02-08,-6.137581
"7",2011-02-09,-9.966474
"8",2011-02-10,-8.16435
"9",2011-02-11,-9.518566
"10",2011-02-12,-4.413717
"11",2011-02-13,-1.205095
"12",2011-02-14,4.799481
"13",2011-02-15,-2.612744
"14",2011-02-16,0.001027121
"15",2011-02-17,5.899782
"16",2011-02-18,9.674113
"17",2011-02-19,3.025889
"18",2011-02-20,-3.975865
"19",2011-02-21,-1.280505
"20",2011-02-22,-4.979406
"21",2011-02-23,-2.758632
"22",2011-02-24,0.8837473
"23",2011-02-25,1.567151
"24",2011-02-26,-0.4363201
"25",2011-02-27,1.380433
"26",2011-02-28,4.650598
"27",2011-03-01,-2.03245
"28",2011-03-02,0.4200139
"29",2011-03-03,-5.957597
"30",2011-03-04,-2.965894
"31",2011-03-05,3.624673
"32",2011-03-06,1.179075
"33",2011-03-07,-2.410816
"34",2011-03-08,-3.302401
"35",2011-03-09,3.491657
"36",2011-03-10,8.992462
"37",2011-03-11,2.317265
"38",2011-03-12,1.029799
"39",2011-03-13,4.120143
"40",2011-03-14,1.687362
"41",2011-03-15,4.478118
"42",2011-03-16,4.500079
"43",2011-03-17,-3.006271
"44",2011-03-18,11.14494
"45",2011-03-19,4.572019
"46",2011-03-20,0.4419131
"47",2011-03-21,5.524382
"48",2011-03-22,9.087505
"49",2011-03-23,7.005481
"50",2011-03-24,-0.7047554
"51",2011-03-25,-3.596207
"52",2011-03-26,-3.035863
"53",2011-03-27,-2.261807
"54",2011-03-28,-4.572229
"55",2011-03-29,-4.596822
"56",2011-03-30,3.176399
"57",2011-03-31,2.222487
"58",2011-04-01,1.226259
"59",2011-04-02,1.324719
"60",2011-04-03,0.005095911
"61",2011-04-04,8.152047
"62",2011-04-05,2.695981
"63",2011-04-06,0.2189901
"64",2011-04-07,3.017345
"65",2011-04-08,5.496711
"66",2011-04-09,5.326268
"67",2011-04-10,6.351119
"68",2011-04-11,14.5806
"69",2011-04-12,11.26901
"70",2011-04-13,6.449
"71",2011-04-14,4.03188
"72",2011-04-15,5.447831
"73",2011-04-16,9.132104
"74",2011-04-17,5.647627
"75",2011-04-18,7.742163
"76",2011-04-19,11.17708
"77",2011-04-20,13.57535
"78",2011-04-21,6.279706
"79",2011-04-22,4.910871
"80",2011-04-23,6.302084
"81",2011-04-24,14.27145
"82",2011-04-25,16.23583
"83",2011-04-26,18.30295
"84",2011-04-27,19.17546
"85",2011-04-28,10.6368
"86",2011-04-29,9.401805
"87",2011-04-30,6.376115
"88",2011-05-01,10.54324
"89",2011-05-02,12.10252
"90",2011-05-03,15.2018
"91",2011-05-04,-8.309218
"92",2011-06-03,10.76471
"93",2011-06-04,10.57132
"94",2011-06-05,16.25965
"95",2011-06-06,14.36974
"96",2011-06-07,14.80424
"97",2011-06-08,17.88223
"98",2011-06-09,19.38195
"99",2011-06-10,18.36871
"100",2011-06-11,18.82886
"101",2011-06-12,18.29552
"102",2011-06-13,12.8591
"103",2011-06-14,11.81181
"104",2011-06-15,9.987462
"105",2011-06-16,13.84746
"106",2011-06-17,14.88104
"107",2011-06-18,17.38943
"108",2011-06-19,19.68692
"109",2011-06-20,18.48154
"110",2011-06-21,19.37178
"111",2011-06-22,19.97294
"112",2011-06-23,21.15728
"113",2011-06-24,16.5552
"114",2011-06-25,14.80759
"115",2011-06-26,14.17234
"116",2011-06-27,18.17493
"117",2011-06-28,20.22071
"118",2011-06-29,15.80799
"119",2011-06-30,13.75717
"120",2011-07-01,14.27986
"121",2011-07-02,14.14961
"122",2011-07-03,19.21853
"123",2011-07-04,18.84413
"124",2011-07-05,18.6128
"125",2011-07-06,19.83136
"126",2011-07-07,19.12465
"127",2011-07-08,19.34498
"128",2011-07-09,17.79196
"129",2011-07-10,17.44158
"130",2011-07-11,20.1152
"131",2011-07-12,20.17657
"132",2011-07-13,17.58225
"133",2011-07-14,14.31653
"134",2011-07-15,15.38284
"135",2011-07-16,15.73899
"136",2011-07-17,17.39802
"137",2011-07-18,19.34394
"138",2011-07-19,21.62656
"139",2011-07-20,21.38751
"140",2011-07-21,23.04152
"141",2011-07-22,23.49158
"142",2011-07-23,21.95667
"143",2011-07-24,22.56908
"144",2011-07-25,22.13164
"145",2011-07-26,20.45353
"146",2011-07-27,18.46002
"147",2011-07-28,18.36083
"148",2011-07-29,20.49796
"149",2011-07-30,21.20873
"150",2011-07-31,18.21591
"151",2011-08-01,18.65853
"152",2011-08-02,19.67071
"153",2011-08-03,21.2893
"154",2011-08-04,22.06491
"155",2011-08-05,21.47934
"156",2011-08-06,21.28402
"157",2011-08-07,21.69582
"158",2011-08-08,19.02321
"159",2011-08-09,19.81879
"160",2011-08-10,17.25798
"161",2011-08-11,15.34244
"162",2011-08-12,13.78932
"163",2011-08-13,19.57658
"164",2011-08-14,19.45699
"165",2011-08-15,17.29342
"166",2011-08-16,16.90513
"167",2011-08-17,15.29523
"168",2011-08-18,18.49535
"169",2011-08-19,15.83124
"170",2011-08-20,15.47602
"171",2011-08-21,20.72317
"172",2011-08-22,13.20446
"173",2011-08-23,11.58198
"174",2011-08-24,15.08717
"175",2011-08-25,20.19618
"176",2011-08-26,17.97831
"177",2011-08-27,21.0049
"178",2011-08-28,19.14987
"179",2011-08-29,13.87713
"180",2011-08-30,12.23341
"181",2011-08-31,14.4819
"182",2011-09-01,17.53878
"183",2011-09-02,18.35247
"184",2011-09-03,20.56287
"185",2011-09-04,20.95672
"186",2011-09-05,15.97703
"187",2011-09-06,15.52807
"188",2011-09-07,15.4885
"189",2011-09-08,18.61595
"190",2011-09-09,18.80852
"191",2011-09-10,17.1758
"192",2011-09-11,16.06566
"193",2011-09-12,14.95115
"194",2011-09-13,15.3706
"195",2011-09-14,16.54343
"196",2011-09-15,7.97471
"197",2011-09-16,4.604068
"198",2011-09-17,7.644362
"199",2011-09-18,9.193121
"200",2011-09-19,10.7922
"201",2011-09-20,15.94045
"202",2011-09-21,18.42072
"203",2011-09-22,18.27312
"204",2011-09-23,18.00718
"205",2011-09-24,16.31775
"206",2011-09-25,19.12716
"207",2011-09-26,19.34342
"208",2011-09-27,20.28988
"209",2011-09-28,17.47668
"210",2011-09-29,12.99112
"211",2011-09-30,10.95693
"212",2011-10-01,7.461833
"213",2011-10-02,6.009198
"214",2011-10-03,6.395234
"215",2011-10-04,8.255072
"216",2011-10-05,8.718393
"217",2011-10-06,7.13356
"218",2011-12-01,0.04352908
"219",2011-12-02,-2.910941
"220",2011-12-03,-2.716018
"221",2011-12-04,2.812743
"222",2011-12-05,6.082483
"223",2011-12-06,12.17696
"224",2011-12-07,2.212319
"225",2011-12-08,-1.889475
"226",2011-12-09,-0.4554547
"227",2011-12-10,-4.133233
"228",2011-12-11,-6.525662
"229",2011-12-12,-5.328951
"230",2011-12-13,-4.235889
"231",2011-12-14,2.31157
"232",2011-12-15,6.555369
"233",2011-12-16,3.293149
"234",2011-12-17,-3.231188
"235",2011-12-18,-2.827115
"236",2011-12-19,-2.84316
"237",2011-12-20,5.936195
"238",2011-12-21,8.935728
"239",2011-12-22,5.499153
"240",2011-12-23,4.080285
"241",2011-12-24,-0.1377003
"242",2011-12-25,-2.613714
"243",2011-12-26,0.720628
"244",2011-12-27,2.517401
"245",2011-12-28,-2.725966
"246",2011-12-29,-3.937612
"247",2011-12-30,-1.018786
"248",2011-12-31,2.833483
"249",2012-01-01,1.323092
"250",2012-01-02,-2.222018
"251",2012-01-03,-7.441236
"252",2012-01-04,-12.35635
"253",2012-01-05,-3.192316
"254",2012-01-06,0.7112712
"255",2012-01-07,3.171113
"256",2012-01-08,-1.765678
"257",2012-01-09,-2.598808
"258",2012-01-10,-3.498131
"259",2012-01-11,-0.7873142
"260",2012-01-12,3.640948
"261",2012-01-13,-3.933951
"262",2012-01-14,-6.257082
"263",2012-01-15,-8.4789
"264",2012-01-16,-7.844096
"265",2012-01-17,3.293033
"266",2012-01-18,-6.792598
"267",2012-01-19,-8.527742
"268",2012-01-20,-3.708534
"269",2012-01-21,-3.487906
"270",2012-01-22,-2.142808
"271",2012-01-23,-0.5201404
"272",2012-01-24,1.650953
"273",2012-01-25,-2.175823
"274",2012-01-26,4.520421
"275",2012-01-27,2.786294
"276",2012-01-28,-1.245717
"277",2012-01-29,-3.650332
"278",2012-01-30,-5.765935
"279",2012-01-31,3.446507
"280",2012-02-01,9.305453
"281",2012-02-02,3.324807
"282",2012-02-03,-3.082649
"283",2012-02-04,-1.169295
"284",2012-02-05,-1.506896
"285",2012-02-06,-3.554631
"286",2012-02-07,-0.7519401
"287",2012-02-08,-1.906085
"288",2012-02-09,-4.385643
"289",2012-02-10,-4.621257
"290",2012-02-11,-5.835103
"291",2012-02-12,-8.02599
"292",2012-02-13,-8.283577
"293",2012-02-14,0.1942463
"294",2012-02-15,2.559304
"295",2012-02-16,3.834176
"296",2012-02-17,0.7194078
"297",2012-02-18,-1.338926
"298",2012-02-19,-0.03477468
"299",2012-02-20,-2.1464
"300",2012-02-21,-2.546402
"301",2012-02-22,1.145725
"302",2012-02-23,8.344049
"303",2012-02-24,5.057381
"304",2012-02-25,-0.2642056
"305",2012-02-26,-5.17844
"306",2012-02-27,-1.296288
"307",2012-02-28,-0.6400734
"308",2012-02-29,3.476201
"309",2012-03-01,4.055399
"310",2012-03-02,0.9524316
"311",2012-03-03,3.58597
"312",2012-03-04,-1.013901
"313",2012-03-05,-3.669862
"314",2012-03-06,-5.818837
"315",2012-03-07,0.3215744
"316",2012-03-08,10.52458
"317",2012-03-09,2.878224
"318",2012-03-10,-2.711889
"319",2012-03-11,0.7840864
"320",2012-03-12,4.178316
"321",2012-03-13,11.76605
"322",2012-03-14,11.56916
"323",2012-03-15,11.95317
"324",2012-03-16,10.47571
"325",2012-03-17,10.57334
"326",2012-03-18,10.32399
"327",2012-03-19,13.16051
"328",2012-03-20,15.36326
"329",2012-03-21,13.21095
"330",2012-03-22,14.18561
"331",2012-03-23,12.76511
"332",2012-03-24,13.3517
"333",2012-03-25,9.671088
"334",2012-03-26,3.583123
"335",2012-03-27,-3.342818
"336",2012-03-28,7.759192
"337",2012-03-29,7.723397
"338",2012-03-30,1.842481
"339",2012-03-31,8.809991
"340",2012-04-01,7.886519
"341",2012-04-02,5.834285
"342",2012-04-03,2.51896
"343",2012-04-04,11.4032
"344",2012-04-05,3.376882
"345",2012-04-06,0.1748021
"346",2012-04-07,-0.1363827
"347",2012-04-08,2.606824
"348",2012-04-09,4.777447
"349",2012-04-10,3.446439
"350",2012-04-11,0.2781428
"351",2012-04-12,0.3498398
"352",2012-04-13,2.811846
"353",2012-04-14,6.277671
"354",2012-04-15,13.95659
"355",2012-04-16,13.78615
"356",2012-04-17,10.2467
"357",2012-04-18,8.429989
"358",2012-04-19,7.111595
"359",2012-04-20,7.449224
"360",2012-04-21,10.62257
"361",2012-04-22,6.022218
"362",2012-04-23,3.366716
"363",2012-04-24,2.105671
"364",2012-04-25,2.736196
"365",2012-04-26,11.51465
"366",2012-04-27,5.319692
"367",2012-04-28,2.883852
"368",2012-04-29,4.179129
"369",2012-04-30,6.408253
"370",2012-05-01,14.52528
"371",2012-05-02,16.96803
"372",2012-05-03,14.96216
"373",2012-05-04,16.70835
"374",2012-05-05,15.69921
"375",2012-05-06,16.3671
"376",2012-05-07,14.76089
"377",2012-05-08,13.88956
"378",2012-05-09,12.88431
"379",2012-05-10,8.267678
"380",2012-05-11,4.203882
"381",2012-05-12,7.986184
"382",2012-05-13,12.83183
"383",2012-05-14,15.98595
"384",2012-05-15,17.25817
"385",2012-05-16,14.76925
"386",2012-05-17,9.934694
"387",2012-05-18,6.937482
"388",2012-05-19,9.449389
"389",2012-05-20,12.30911
"390",2012-05-21,17.73842
"391",2012-05-22,17.44197
"392",2012-05-23,14.56796
"393",2012-05-24,15.22652
"394",2012-05-25,18.30903
"395",2012-05-26,18.33558
"396",2012-05-27,19.5909
"397",2012-05-28,17.55654
"398",2012-05-29,20.09323
"399",2012-05-30,16.07658
"400",2012-05-31,14.07878
"401",2012-06-01,16.9655
"402",2012-06-02,10.61331
"403",2012-06-03,9.644131
"404",2012-06-04,12.0088
"405",2012-06-05,12.12178
"406",2012-06-06,11.86374
"407",2012-06-07,11.37837
"408",2012-06-08,11.0613
"409",2012-06-09,14.46306
"410",2012-06-10,15.73275
"411",2012-06-11,16.75759
"412",2012-06-12,18.61526
"413",2012-06-13,13.3906
"414",2012-06-14,11.58382
"415",2012-06-15,14.8385
"416",2012-06-16,13.9747
"417",2012-06-17,13.08897
"418",2012-06-18,15.60299
"419",2012-06-19,18.39396
"420",2012-06-20,19.98204
"421",2012-06-21,20.75463
"422",2012-06-22,20.06243
"423",2012-06-23,17.06574
"424",2012-06-24,15.33357
"425",2012-06-25,15.88189
"426",2012-06-26,9.478937
"427",2012-06-27,12.02147
"428",2012-06-28,15.9764
"429",2012-06-29,20.69804
"430",2012-06-30,17.5167
"431",2012-07-01,20.69763
"432",2012-07-02,18.35375
"433",2012-07-03,19.13016
"434",2012-07-04,19.203
"435",2012-07-05,20.99509
"436",2012-07-06,21.52711
"437",2012-07-07,22.74417
"438",2012-07-08,22.36947
"439",2012-07-09,20.59993
"440",2012-07-10,17.8166
"441",2012-07-11,18.64754
"442",2012-07-12,17.33765
"443",2012-07-13,18.77613
"444",2012-07-14,19.66811
"445",2012-07-15,21.24982
"446",2012-07-16,20.30698
"447",2012-07-17,20.47707
"448",2012-07-18,21.86446
"449",2012-07-19,20.75013
"450",2012-07-20,20.50312
"451",2012-07-21,17.89269
"452",2012-07-22,17.87194
"453",2012-07-23,20.89295
"454",2012-07-24,20.69763
"455",2012-07-25,17.11607
"456",2012-07-26,19.62335
"457",2012-07-27,20.33465
"458",2012-07-28,19.13504
"459",2012-07-29,17.42636
"460",2012-07-30,17.52362
"461",2012-07-31,19.28642
"462",2012-08-01,17.47479
"463",2012-08-02,19.13504
"464",2012-08-03,21.23477
"465",2012-08-04,22.87244
"466",2012-08-05,23.13316
"467",2012-08-06,21.26041
"468",2012-08-07,20.20932
"469",2012-08-08,20.50964
"470",2012-08-09,18.80054
"471",2012-08-10,19.91512
"472",2012-08-11,18.22638
"473",2012-08-12,14.8428
"474",2012-08-13,15.52493
"475",2012-08-14,19.72101
"476",2012-08-15,17.08633
"477",2012-08-16,15.67579
"478",2012-08-17,16.61678
"479",2012-08-18,15.76975
"480",2012-08-19,16.8409
"481",2012-08-20,15.6783
"482",2012-08-21,15.00057
"483",2012-08-22,14.07178
"484",2012-08-23,15.82993
"485",2012-08-24,16.9487
"486",2012-08-25,18.69559
"487",2012-08-26,19.28153
"488",2012-08-27,19.20668
"489",2012-08-28,17.26277
"490",2012-08-29,15.43271
"491",2012-08-30,14.89503
"492",2012-08-31,18.69312
"493",2012-09-01,20.90679
"494",2012-09-02,21.67426
"495",2012-09-03,21.74791
"496",2012-09-04,21.80895
"497",2012-09-05,22.09136
"498",2012-09-06,22.02462
"499",2012-09-07,19.67218
"500",2012-09-08,15.01385
"501",2012-09-09,11.53419
"502",2012-09-10,10.36398
"503",2012-09-11,8.567169
"504",2012-09-12,10.70822
"505",2012-09-13,12.70669
"506",2012-09-14,11.58726
"507",2012-09-15,11.67998
"508",2012-09-16,10.40657
"509",2012-09-17,11.14298
"510",2012-09-18,15.94926
"511",2012-09-19,8.942293
"512",2012-09-20,7.920752
"513",2012-09-21,12.50962
"514",2012-09-22,13.6244
"515",2012-09-23,6.538682
"516",2012-09-24,6.269781
"517",2012-09-25,6.74893
"518",2012-09-26,13.09128
"519",2012-09-27,15.94161
"520",2012-09-28,14.56572
"521",2012-09-29,9.705272
"522",2012-09-30,8.41342
"523",2012-10-01,7.536071
"524",2012-10-02,14.63825
"525",2012-10-03,16.31952
"526",2012-10-04,13.77118
"527",2012-10-05,12.9132
"528",2012-10-06,7.710755
"529",2012-10-07,5.957782
"530",2012-10-08,3.010763
"531",2012-10-09,5.027621
"532",2012-10-10,6.989926
"533",2012-10-11,2.353879
"534",2012-10-12,3.214599
"535",2012-10-13,0.05757976
"536",2012-10-14,9.074331
"537",2012-10-15,9.397367
"538",2012-10-16,6.273901
"539",2012-10-17,4.152254
"540",2012-10-18,9.499014
"541",2012-10-19,10.08113
"542",2012-10-20,6.317417
"543",2012-10-21,4.544359
"544",2012-10-22,4.643617
"545",2012-10-23,11.54485
"546",2012-10-24,13.87729
"547",2012-10-25,12.84811
"548",2012-10-26,14.69268
"549",2012-10-27,13.34029
"550",2012-10-28,10.19784
"551",2012-10-29,4.801043
"552",2012-10-30,3.750718
"553",2012-10-31,3.177958
"554",2012-11-01,2.883044
"555",2012-11-02,0.8442965
"556",2012-11-03,3.453761
"557",2012-11-04,0.527158
"558",2012-11-05,-1.3883
"559",2012-11-06,-2.839728
"560",2012-11-07,0.5051137
"561",2012-11-08,-1.72953
"562",2012-11-09,-0.6827629
"563",2012-11-10,1.61382
"564",2012-11-11,4.813247
"565",2012-11-12,11.04766
"566",2012-11-13,-2.001693
"567",2012-11-14,-2.678691
"568",2012-11-15,-1.88549
"569",2012-11-16,-1.446557
"570",2012-11-17,-1.841951
"571",2012-11-18,-0.8470136
"572",2012-11-19,1.104399
"573",2012-11-20,-0.02195614
"574",2012-11-21,-0.222326
"575",2012-11-22,-0.4808103
"576",2012-11-23,1.629325
"577",2012-11-24,-0.1945813
"578",2012-11-25,-1.532313
"579",2012-11-26,-1.391998
"580",2012-11-27,1.616723
"581",2012-11-28,-1.95996
"582",2012-11-29,-2.505233
"583",2012-11-30,-2.090986
"584",2012-12-01,-1.322461
"585",2012-12-02,1.493459
"586",2012-12-03,9.59666
"587",2012-12-04,10.62216
"588",2012-12-05,2.150597
"589",2012-12-06,-4.857669
"590",2012-12-07,2.079646
"591",2012-12-08,2.982364
"592",2012-12-09,8.864836
"593",2012-12-10,8.928303
"594",2012-12-11,-0.6620003
"595",2012-12-12,-0.9419104
"596",2012-12-13,-3.903029
"597",2012-12-14,-3.399573
"598",2012-12-15,0.8592734
"599",2012-12-16,4.843341
"600",2012-12-17,4.061093
"601",2012-12-18,2.485672
"602",2012-12-19,-0.2829674
"603",2012-12-20,1.412502
"604",2012-12-21,1.503512
"605",2012-12-22,-4.082878
"606",2012-12-23,-5.450109
"607",2012-12-24,-2.055316
"608",2012-12-25,-0.9712625
"609",2012-12-26,-0.7658454
"610",2012-12-27,-0.6286753
"611",2012-12-28,-2.205643
"612",2012-12-29,0.0905129
"613",2012-12-30,-5.230767
"614",2012-12-31,-5.864638
"615",2013-01-01,1.736374
"616",2013-01-02,-3.127836
"617",2013-01-03,-6.524441
"618",2013-01-04,-4.938649
"619",2013-01-05,-5.157617
"620",2013-01-06,-1.979187
"621",2013-01-07,-0.9989486
"622",2013-01-08,-2.438669
"623",2013-01-09,-0.2642663
"624",2013-01-10,1.100975
"625",2013-01-11,3.364739
"626",2013-01-12,3.082429
"627",2013-01-13,7.889775
"628",2013-01-14,3.958993
"629",2013-01-15,2.271233
"630",2013-01-16,1.03623
"631",2013-01-17,1.052564
"632",2013-01-18,-2.276216
"633",2013-01-19,-2.907608
"634",2013-01-20,-1.666306
"635",2013-01-21,-3.673116
"636",2013-01-22,-12.42922
"637",2013-01-23,-13.28806
"638",2013-01-24,-12.6498
"639",2013-01-25,-12.6502
"640",2013-01-26,-6.376318
"641",2013-01-27,-5.270609
"642",2013-01-28,-0.9968279
"643",2013-01-29,8.046328
"644",2013-01-30,11.74489
"645",2013-01-31,-1.352717
"646",2013-02-01,-10.57901
"647",2013-02-02,-11.42882
"648",2013-02-03,-3.86377
"649",2013-02-04,-8.091096
"650",2013-02-05,-2.757631
"651",2013-02-06,-3.362628
"652",2013-02-07,-3.888793
"653",2013-02-08,0.008351044
"654",2013-02-09,-4.963884
"655",2013-02-10,-6.646923
"656",2013-02-11,1.689188
"657",2013-02-12,1.329924
"658",2013-02-13,-1.395102
"659",2013-02-14,-3.313387
"660",2013-02-15,0.5164301
"661",2013-02-16,-3.217757
"662",2013-02-17,-6.720977
"663",2013-02-18,-9.797342
"664",2013-02-19,1.835639
"665",2013-02-20,-4.961711
"666",2013-02-21,-7.19017
"667",2013-02-22,-3.863143
"668",2013-02-23,-0.3460335
"669",2013-02-24,-0.8148696
"670",2013-02-25,-5.244557
"671",2013-02-26,-2.691383
"672",2013-02-27,3.226838
"673",2013-02-28,-0.3366098
"674",2013-03-01,-0.2414199
"675",2013-03-02,-2.643223
"676",2013-03-03,-4.056375
"677",2013-03-04,-5.40417
"678",2013-03-05,-3.424476
"679",2013-03-06,0.3610309
"680",2013-03-07,0.4676107
"681",2013-03-08,-0.163727
"682",2013-03-09,-4.498361
"683",2013-03-10,0.4199439
"684",2013-03-11,4.227474
"685",2013-03-12,1.470266
"686",2013-03-13,-1.575777
"687",2013-03-14,-2.276148
"688",2013-03-15,-2.477073
"689",2013-03-16,1.478876
"690",2013-03-17,0.9081609
"691",2013-03-18,-0.5151899
"692",2013-03-19,0.9085675
"693",2013-03-20,-2.803154
"694",2013-03-21,-4.523181
"695",2013-03-22,-4.276181
"696",2013-03-23,-4.255432
"697",2013-03-24,-2.211402
"698",2013-03-25,-0.166567
"699",2013-03-26,0.516837
"700",2013-03-27,-1.369036
"701",2013-03-28,1.249859
"702",2013-03-29,1.656647
"703",2013-03-30,0.7417834
"704",2013-03-31,5.052845
"705",2013-04-01,3.246709
"706",2013-04-02,-3.697536
"707",2013-04-03,-3.68248
"708",2013-04-04,-5.378524
"709",2013-04-05,2.363634
"710",2013-04-06,-2.409484
"711",2013-04-07,4.081031
"712",2013-04-08,10.16331
"713",2013-04-09,14.33892
"714",2013-04-10,17.80358
"715",2013-04-11,14.85743
"716",2013-04-12,11.6309
"717",2013-04-13,5.384445
"718",2013-04-14,4.545253
"719",2013-04-15,10.9569
"720",2013-04-16,11.47263
"721",2013-04-17,13.48696
"722",2013-04-18,14.99762
"723",2013-04-19,11.29077
"724",2013-04-20,4.802377
"725",2013-04-21,0.218408
"726",2013-04-22,1.490759
"727",2013-04-23,3.965503
"728",2013-04-24,8.552097
"729",2013-04-25,4.617982
"730",2013-04-26,2.759066
"731",2013-04-27,5.572717
"732",2013-04-28,10.71532
"733",2013-04-29,11.01309
"734",2013-04-30,11.35439
"735",2013-05-01,10.14175
"736",2013-05-02,4.897036
"737",2013-05-03,6.304931
"738",2013-05-04,4.061779
"739",2013-05-05,2.478055
"740",2013-05-06,7.644486
"741",2013-05-07,13.03197
"742",2013-05-08,10.00792
"743",2013-05-09,9.206549
"744",2013-05-10,12.93771
"745",2013-05-11,14.98208
"746",2013-05-12,6.668146
"747",2013-05-13,2.954876
"748",2013-05-14,0.418468
"749",2013-05-15,9.113386
"750",2013-05-16,17.2413
"751",2013-05-17,12.60989
"752",2013-05-18,14.92692
"753",2013-05-19,14.92166
"754",2013-05-20,18.28005
"755",2013-05-21,16.75763
"756",2013-05-22,18.22195
"757",2013-05-23,15.61178
"758",2013-05-24,5.514365
"759",2013-05-25,3.240098
"760",2013-05-26,4.414935
"761",2013-05-27,5.887495
"762",2013-05-28,12.37473
"763",2013-05-29,16.75801
"764",2013-05-30,17.58754
"765",2013-05-31,16.89264
"766",2013-06-01,18.49291
"767",2013-06-02,20.01969
"768",2013-06-03,16.16207
"769",2013-06-04,10.5572
"770",2013-06-05,12.06461
"771",2013-06-06,15.18343
"772",2013-06-07,17.20306
"773",2013-06-08,15.53723
"774",2013-06-09,14.95143
"775",2013-06-10,17.68316
"776",2013-06-11,16.41584
"777",2013-06-12,17.23154
"778",2013-06-13,16.94552
"779",2013-06-14,14.56053
"780",2013-06-15,12.78347
"781",2013-06-16,14.89524
"782",2013-06-17,18.11794
"783",2013-06-18,18.30989
"784",2013-06-19,17.23862
"785",2013-06-20,17.33814
"786",2013-06-21,14.84778
"787",2013-06-22,17.19217
"788",2013-06-23,18.35346
"789",2013-06-24,19.13504
"790",2013-06-25,19.13504
"791",2013-06-26,18.50024
"792",2013-06-27,18.94012
"793",2013-06-28,19.03778
"794",2013-06-29,16.26922
"795",2013-06-30,18.09616
"796",2013-07-01,21.08991
"797",2013-07-02,21.85412
"798",2013-07-03,21.74343
"799",2013-07-04,22.04456
"800",2013-07-05,21.72309
"801",2013-07-06,20.3554
"802",2013-07-07,20.56335
"803",2013-07-08,18.81682
"804",2013-07-09,20.3558
"805",2013-07-10,22.06491
"806",2013-07-11,21.30395
"807",2013-07-12,18.15937
"808",2013-07-13,18.95236
"809",2013-07-14,21.58915
"810",2013-07-15,20.56539
"811",2013-07-16,21.38127
"812",2013-07-17,21.52427
"813",2013-07-18,22.35586
"814",2013-07-19,21.47648
"815",2013-07-20,20.79145
"816",2013-07-21,19.62335
"817",2013-07-22,20.3554
"818",2013-07-23,20.75176
"819",2013-07-24,17.47479
"820",2013-07-25,14.18563
"821",2013-07-26,12.89817
"822",2013-07-27,19.25223
"823",2013-07-28,17.96431
"824",2013-07-29,13.28497
"825",2013-07-30,13.48417
"826",2013-07-31,16.29099
"827",2013-08-01,18.25731
"828",2013-08-02,16.69978
"829",2013-08-03,17.27019
"830",2013-08-04,14.55991
"831",2013-08-05,12.55732
"832",2013-08-06,18.03383
"833",2013-08-07,20.01399
"834",2013-08-08,22.11455
"835",2013-08-09,22.26064
"836",2013-08-10,19.37919
"837",2013-08-11,19.52122
"838",2013-08-12,20.0608
"839",2013-08-13,20.01481
"840",2013-08-14,10.97269
"841",2013-08-15,10.60594
"842",2013-08-16,11.43991
"843",2013-08-17,11.53499
"844",2013-08-18,16.02282
"845",2013-08-19,16.07198
"846",2013-08-20,17.44107
"847",2013-08-21,19.6722
"848",2013-08-22,19.37919
"849",2013-08-23,15.6459
"850",2013-08-24,13.38949
"851",2013-08-25,13.96705
"852",2013-08-26,15.82993
"853",2013-08-27,18.1633
"854",2013-08-28,21.00893
"855",2013-08-29,19.13789
"856",2013-08-30,18.40393
"857",2013-08-31,20.6785
"858",2013-09-01,18.7217
"859",2013-09-02,20.10596
"860",2013-09-03,14.91867
"861",2013-09-04,12.60394
"862",2013-09-05,13.67153
"863",2013-09-06,9.813827
"864",2013-09-07,11.34275
"865",2013-09-08,14.9038
"866",2013-09-09,15.33025
"867",2013-09-10,19.03741
"868",2013-09-11,21.08829
"869",2013-09-12,19.05772
"870",2013-09-13,11.93143
"871",2013-09-14,7.163521
"872",2013-09-15,8.019609
"873",2013-09-16,13.09398
"874",2013-09-17,8.058448
"875",2013-09-18,7.315357
"876",2013-09-19,10.2516
"877",2013-09-20,13.53529
"878",2013-09-21,14.93177
"879",2013-09-22,9.483658
"880",2013-09-23,7.841914
"881",2013-09-24,6.003349
"882",2013-09-25,8.417062
"883",2013-09-26,10.21854
"884",2013-09-27,9.300228
"885",2013-09-28,10.40046
"886",2013-09-29,8.469885
"887",2013-09-30,10.12686
"888",2013-10-01,13.4432
"889",2013-10-02,14.32251
"890",2013-10-03,15.24258
"891",2013-10-04,15.90235
"892",2013-10-05,17.65564
"893",2013-10-06,17.96774
"894",2013-10-07,8.904052
"895",2013-10-08,6.904579
"896",2013-10-09,7.345033
"897",2013-10-10,10.47256
"898",2013-10-11,11.85602
"899",2013-10-12,14.2857
"900",2013-10-13,13.88515
"901",2013-10-14,11.46451
"902",2013-10-15,10.09422
"903",2013-10-16,11.74674
"904",2013-10-17,14.24898
"905",2013-10-18,7.080809
"906",2013-10-19,7.020716
"907",2013-10-20,2.730862
"908",2013-10-21,4.321444
"909",2013-10-22,4.82886
"910",2013-10-23,4.241706
"911",2013-10-24,0.608021
"912",2013-10-25,-1.068537
"913",2013-10-26,-1.643375
"914",2013-10-27,4.099741
"915",2013-10-28,2.469747
"916",2013-10-29,3.06813
"917",2013-10-30,11.43285
"918",2013-10-31,14.17134
"919",2013-11-01,10.92591
"920",2013-11-02,5.889603
"921",2013-11-03,1.56098
"922",2013-11-04,-3.149814
"923",2013-11-05,-0.2650025
"924",2013-11-06,10.28046
"925",2013-11-07,6.193882
"926",2013-11-08,-0.5515328
"927",2013-11-09,-1.704663
"928",2013-11-10,3.64414
"929",2013-11-11,-0.1706828
"930",2013-11-12,-3.623063
"931",2013-11-13,-3.743089
"932",2013-11-14,-4.499581
"933",2013-11-15,0.4687557
"934",2013-11-16,6.254892
"935",2013-11-17,10.27802
"936",2013-11-18,8.316493
"937",2013-11-19,-0.0480965
"938",2013-11-20,-2.977674
"939",2013-11-21,0.3231337
"940",2013-11-22,6.556796
"941",2013-11-23,-1.302119
"942",2013-11-24,-6.747019
"943",2013-11-25,-8.869547
"944",2013-11-26,-0.4700398
"945",2013-11-27,-3.689906
"946",2013-11-28,-7.740744
"947",2013-11-29,-6.227792
"948",2013-11-30,-6.669446
"949",2013-12-01,-5.353715
"950",2013-12-02,2.763103
"951",2013-12-03,-0.1169493
"952",2013-12-04,2.396938
"953",2013-12-05,10.76861
"954",2013-12-06,3.470845
"955",2013-12-07,-2.573168
"956",2013-12-08,-4.548003
"957",2013-12-09,-1.117706
"958",2013-12-10,-6.558142
"959",2013-12-11,-8.23475
"960",2013-12-12,-7.883977
"961",2013-12-13,-8.154992
"962",2013-12-14,-0.867944
"963",2013-12-15,-1.703011
"964",2013-12-16,0.157633
"965",2013-12-17,-1.166449
"966",2013-12-18,-3.421284
"967",2013-12-19,-3.272192
"968",2013-12-20,2.763042
"969",2013-12-21,8.55453
"970",2013-12-22,14.8693
"971",2013-12-23,1.456433
"972",2013-12-24,-7.487223
"973",2013-12-25,-9.197536
"974",2013-12-26,-4.616203
"975",2013-12-27,-3.34086
"976",2013-12-28,-1.240081
"977",2013-12-29,2.943712
"978",2013-12-30,-0.4586471
"979",2013-12-31,-4.98911
"980",2014-01-01,-4.987483
"981",2014-01-02,-3.011933
"982",2014-01-03,-13.22326
"983",2014-01-04,-13.55496
"984",2014-01-05,-3.826832
"985",2014-01-06,-13.88299
"986",2014-01-07,-17.21388
"987",2014-01-08,-15.09055
"988",2014-01-09,-6.489888
"989",2014-01-10,-0.0185038
"990",2014-01-11,2.616657
"991",2014-01-12,1.130263
"992",2014-01-13,-0.5798633
"993",2014-01-14,1.074122
"994",2014-01-15,-0.3203392
"995",2014-01-16,-5.508344
"996",2014-01-17,-3.995953
"997",2014-01-18,-9.842513
"998",2014-01-19,-9.307405
"999",2014-01-20,-2.58167
"1000",2014-01-21,-8.530997
"1001",2014-01-22,-17.26084
"1002",2014-01-23,-17.7095
"1003",2014-01-24,-18.847
"1004",2014-01-25,-9.280953
"1005",2014-01-26,-13.52891
"1006",2014-01-27,-9.519818
"1007",2014-01-28,-13.63758
"1008",2014-01-29,-18.05636
"1009",2014-01-30,-15.92738
"1010",2014-01-31,-4.315458
"1011",2014-02-01,-1.487005
"1012",2014-02-02,2.079706
"1013",2014-02-03,0.8340613
"1014",2014-02-04,-3.329302
"1015",2014-02-05,-1.068894
"1016",2014-02-06,-4.493287
"1017",2014-02-07,-6.915886
"1018",2014-02-08,-5.270419
"1019",2014-02-09,-5.645479
"1020",2014-02-10,-7.556751
"1021",2014-02-11,-12.30508
"1022",2014-02-12,-12.45688
"1023",2014-02-13,-7.453443
"1024",2014-02-14,-4.033481
"1025",2014-02-15,-5.00986
"1026",2014-02-16,-5.429399
"1027",2014-02-17,-11.08137
"1028",2014-02-18,-3.904368
"1029",2014-02-19,2.648727
"1030",2014-02-20,0.4439462
"1031",2014-02-21,2.794358
"1032",2014-02-22,1.293729
"1033",2014-02-23,4.975551
"1034",2014-02-24,-3.234178
"1035",2014-02-25,-4.406391
"1036",2014-02-26,-7.360267
"1037",2014-02-27,-8.6905
"1038",2014-02-28,-14.36431
"1039",2014-03-01,-7.431472
"1040",2014-03-02,1.785999
"1041",2014-03-03,-15.87988
"1042",2014-03-04,-16.54841
"1043",2014-03-05,-10.18799
"1044",2014-03-06,-6.816039
"1045",2014-03-07,-3.052381
"1046",2014-03-08,-3.776863
"1047",2014-03-09,1.292909
"1048",2014-03-10,1.541054
"1049",2014-03-11,8.21846
"1050",2014-03-12,-0.8257083
"1051",2014-03-13,-8.000766
"1052",2014-03-14,-5.120954
"1053",2014-03-15,4.938939
"1054",2014-03-16,-2.16301
"1055",2014-03-17,-4.767738
"1056",2014-03-18,-2.82613
"1057",2014-03-19,0.7157465
"1058",2014-03-20,1.5761
"1059",2014-03-21,1.295356
"1060",2014-03-22,6.666562
"1061",2014-03-23,-2.271487
"1062",2014-03-24,-8.524892
"1063",2014-03-25,-5.327223
"1064",2014-03-26,-6.502876
"1065",2014-03-27,-6.645238
"1066",2014-03-28,7.075856
"1067",2014-03-29,8.070796
"1068",2014-03-30,1.576851
"1069",2014-03-31,1.494333
"1070",2014-04-01,2.997349
"1071",2014-04-02,9.304173
"1072",2014-04-03,10.18405
"1073",2014-04-04,9.49454
"1074",2014-04-05,3.470845
"1075",2014-04-06,-1.948854
"1076",2014-04-07,3.535934
"1077",2014-04-08,5.914827
"1078",2014-04-09,2.671512
"1079",2014-04-10,2.81266
"1080",2014-04-11,12.18158
"1081",2014-04-12,8.539412
"1082",2014-04-13,14.03844
"1083",2014-04-14,16.44732
"1084",2014-04-15,1.510641
"1085",2014-04-16,-3.111155
"1086",2014-04-17,-1.182636
"1087",2014-04-18,2.383503
"1088",2014-04-19,4.42355
"1089",2014-04-20,4.060688
"1090",2014-04-21,2.472188
"1091",2014-04-22,12.11019
"1092",2014-04-23,6.821147
"1093",2014-04-24,0.684298
"1094",2014-04-25,10.50622
"1095",2014-04-26,5.20091
"1096",2014-04-27,6.76826
"1097",2014-04-28,8.161106
"1098",2014-04-29,7.68923
"1099",2014-04-30,8.619549
"1100",2014-05-01,11.17513
"1101",2014-05-02,7.605027
"1102",2014-05-03,10.27924
"1103",2014-05-04,9.330211
"1104",2014-05-05,3.642514
"1105",2014-05-06,9.391632
"1106",2014-05-07,11.10177
"1107",2014-05-08,10.18283
"1108",2014-05-09,14.68421
"1109",2014-05-10,17.36581
"1110",2014-05-11,12.55927
"1111",2014-05-12,15.53719
"1112",2014-05-13,16.98499
"1113",2014-05-14,15.95606
"1114",2014-05-15,17.94883
"1115",2014-05-16,10.38669
"1116",2014-05-17,6.979066
"1117",2014-05-18,4.220539
"1118",2014-05-19,4.835399
"1119",2014-05-20,8.659531
"1120",2014-05-21,13.04707
"1121",2014-05-22,16.75756
"1122",2014-05-23,10.46044
"1123",2014-05-24,8.068081
"1124",2014-05-25,10.39924
"1125",2014-05-26,13.0997
"1126",2014-05-27,17.23966
"1127",2014-05-28,17.38554
"1128",2014-05-29,13.48962
"1129",2014-05-30,13.17052
"1130",2014-05-31,11.53357
"1131",2014-06-01,13.73226
"1132",2014-06-02,14.15176
"1133",2014-06-03,17.92495
"1134",2014-06-04,16.79742
"1135",2014-06-05,13.97321
"1136",2014-06-06,10.85005
"1137",2014-06-07,11.72337
"1138",2014-06-08,17.47523
"1139",2014-06-09,18.16149
"1140",2014-06-10,18.06638
"1141",2014-06-11,18.64225
"1142",2014-06-12,18.66545
"1143",2014-06-13,17.02689
"1144",2014-06-14,13.22848
"1145",2014-06-15,10.94745
"1146",2014-06-16,16.99216
"1147",2014-06-17,18.84205
"1148",2014-06-18,19.62335
"1149",2014-06-19,20.84412
"1150",2014-06-20,19.59406
"1151",2014-06-21,17.27835
"1152",2014-06-22,17.03685
"1153",2014-06-23,18.23818
"1154",2014-06-24,17.86869
"1155",2014-06-25,20.66955
"1156",2014-06-26,18.55313
"1157",2014-06-27,16.84027
"1158",2014-06-28,19.51552
"1159",2014-06-29,17.1818
"1160",2014-06-30,17.96186
"1161",2014-07-01,21.36133
"1162",2014-07-02,22.40594
"1163",2014-07-03,20.06284
"1164",2014-07-04,14.06409
"1165",2014-07-05,10.41077
"1166",2014-07-06,13.58239
"1167",2014-07-07,19.13504
"1168",2014-07-08,19.86872
"1169",2014-07-09,18.64266
"1170",2014-07-10,18.06034
"1171",2014-07-11,17.86625
"1172",2014-07-12,19.03737
"1173",2014-07-13,21.13496
"1174",2014-07-14,21.60874
"1175",2014-07-15,20.13404
"1176",2014-07-16,14.7554
"1177",2014-07-17,13.30872
"1178",2014-07-18,13.71233
"1179",2014-07-19,16.7504
"1180",2014-07-20,17.02126
"1181",2014-07-21,18.91285
"1182",2014-07-22,21.62543
"1183",2014-07-23,21.03985
"1184",2014-07-24,15.37522
"1185",2014-07-25,13.9923
"1186",2014-07-26,18.79325
"1187",2014-07-27,19.78083
"1188",2014-07-28,17.82514
"1189",2014-07-29,11.38163
"1190",2014-07-30,10.9473
"1191",2014-07-31,13.58675
"1192",2014-08-01,18.10962
"1193",2014-08-02,15.19433
"1194",2014-08-03,17.10996
"1195",2014-08-04,16.44216
"1196",2014-08-05,16.74842
"1197",2014-08-06,16.49755
"1198",2014-08-07,15.3499
"1199",2014-08-08,14.04025
"1200",2014-08-09,16.60566
"1201",2014-08-10,15.45619
"1202",2014-08-11,17.57424
"1203",2014-08-12,18.48321
"1204",2014-08-13,14.19314
"1205",2014-08-14,12.36266
"1206",2014-08-15,9.994317
"1207",2014-08-16,10.69178
"1208",2014-08-17,16.50754
"1209",2014-08-18,18.64692
"1210",2014-08-19,20.59997
"1211",2014-08-20,19.90901
"1212",2014-08-21,18.82833
"1213",2014-08-22,19.42521
"1214",2014-08-23,19.1358
"1215",2014-08-24,15.98147
"1216",2014-08-25,13.8775
"1217",2014-08-26,13.58457
"1218",2014-08-27,14.57241
"1219",2014-08-28,14.24973
"1220",2014-08-29,11.50959
"1221",2014-08-30,18.25793
"1222",2014-08-31,21.94283
"1223",2014-09-01,20.84086
"1224",2014-09-02,20.50353
"1225",2014-09-03,20.34564
"1226",2014-09-04,20.87993
"1227",2014-09-05,20.55114
"1228",2014-09-06,20.88848
"1229",2014-09-07,13.81296
"1230",2014-09-08,12.76574
"1231",2014-09-09,15.29206
"1232",2014-09-10,18.68181
"1233",2014-09-11,19.52162
"1234",2014-09-12,13.99895
"1235",2014-09-13,11.34275
"1236",2014-09-14,7.121079
"1237",2014-09-15,8.792582
"1238",2014-09-16,11.67244
"1239",2014-09-17,9.677647
"1240",2014-09-18,12.4612
"1241",2014-09-19,11.32892
"1242",2014-09-20,15.72865
"1243",2014-09-21,14.13124
"1244",2014-09-22,9.09717
"1245",2014-09-23,5.459999
"1246",2014-09-24,7.690053
"1247",2014-09-25,14.41415
"1248",2014-09-26,12.42468
"1249",2014-09-27,10.78054
"1250",2014-09-28,11.71054
"1251",2014-09-29,14.9783
"1252",2014-09-30,13.68373
"1253",2014-10-01,15.65585
"1254",2014-10-02,15.30311
"1255",2014-10-03,16.56149
"1256",2014-10-04,3.315263
"1257",2014-10-05,2.484624
"1258",2014-10-06,4.954572
"1259",2014-10-07,12.07238
"1260",2014-10-08,10.06943
"1261",2014-10-09,7.335557
"1262",2014-10-10,12.07753
"1263",2014-10-11,10.83451
"1264",2014-10-12,8.732223
"1265",2014-10-13,12.48767
"1266",2014-10-14,16.50441
"1267",2014-10-15,12.2045
"1268",2014-10-16,11.03388
"1269",2014-10-17,9.7679
"1270",2014-10-18,8.619264
"1271",2014-10-19,5.688244
"1272",2014-10-20,4.639956
"1273",2014-10-21,9.2495
"1274",2014-10-22,9.597066
"1275",2014-10-23,8.810741
"1276",2014-10-24,6.549529
"1277",2014-10-25,5.895298
"1278",2014-10-26,7.17911
"1279",2014-10-27,5.836729
"1280",2014-10-28,13.36122
"1281",2014-10-29,6.978157
"1282",2014-10-30,3.847536
"1283",2014-10-31,2.721959
"1284",2014-11-01,4.443882
"1285",2014-11-02,0.5870325
"1286",2014-11-03,0.9987983
"1287",2014-11-04,6.865485
"1288",2014-11-05,11.64825
"1289",2014-11-06,8.313664
"1290",2014-11-07,0.940875
"1291",2014-11-08,-1.835647
"1292",2014-11-09,3.372005
"1293",2014-11-10,2.602759
"1294",2014-11-11,4.032211
"1295",2014-11-12,3.267864
"1296",2014-11-13,0.9548709
"1297",2014-11-14,-4.937021
"1298",2014-11-15,-6.356574
"1299",2014-11-16,0.9080928
"1300",2014-11-17,2.007298
"1301",2014-11-18,-6.974094
"1302",2014-11-19,-10.23682
"1303",2014-11-20,-2.355322
"1304",2014-11-21,-5.957017
"1305",2014-11-22,-5.979971
"1306",2014-11-23,0.4135037
"1307",2014-11-24,9.352172
"1308",2014-11-25,5.497457
"1309",2014-11-26,0.7299166
"1310",2014-11-27,-0.2694935
"1311",2014-11-28,-4.40232
"1312",2014-11-29,-4.282493
"1313",2014-11-30,0.3467941
"1314",2014-12-01,4.981248
"1315",2014-12-02,1.301864
"1316",2014-12-03,1.227823
"1317",2014-12-04,-1.457784
"1318",2014-12-05,2.494554
"1319",2014-12-06,3.84835
"1320",2014-12-07,-2.660777
"1321",2014-12-08,-4.398045
"1322",2014-12-09,-0.3899656
"1323",2014-12-10,0.5135075
"1324",2014-12-11,-1.284825
"1325",2014-12-12,-2.291779
"1326",2014-12-13,-2.895638
"1327",2014-12-14,-1.277502
"1328",2014-12-15,1.510136
"1329",2014-12-16,2.607235
"1330",2014-12-17,-1.142127
"1331",2014-12-18,-2.264478
"1332",2014-12-19,-5.31018
"1333",2014-12-20,-5.890851
"1334",2014-12-21,-2.390788
"1335",2014-12-22,-1.465922
"1336",2014-12-23,0.3951386
"1337",2014-12-24,4.401305
"1338",2014-12-25,-0.1901667
"1339",2014-12-26,-2.48204
"1340",2014-12-27,1.102542
"1341",2014-12-28,7.897504
"1342",2014-12-29,1.94784
"1343",2014-12-30,-5.263785
"1344",2014-12-31,-7.697608
"1345",2015-01-01,-5.612092
"1346",2015-01-02,-2.712651
"1347",2015-01-03,-1.897459
"1348",2015-01-04,3.449354
"1349",2015-01-05,-5.502243
"1350",2015-01-06,-7.355789
"1351",2015-01-07,-13.71735
"1352",2015-01-08,-17.97334
"1353",2015-01-09,-7.233706
"1354",2015-01-10,-14.84756
"1355",2015-01-11,-10.43215
"1356",2015-01-12,0.7491006
"1357",2015-01-13,-6.492686
"1358",2015-01-14,-6.744199
"1359",2015-01-15,-6.222728
"1360",2015-01-16,-4.4461
"1361",2015-01-17,-6.076807
"1362",2015-01-18,0.2174351
"1363",2015-01-19,-1.532561
"1364",2015-01-20,-2.91361
"1365",2015-01-21,-2.280234
"1366",2015-01-22,-2.017448
"1367",2015-01-23,-4.836082
"1368",2015-01-24,0.516837
"1369",2015-01-25,2.061437
"1370",2015-01-26,-3.363918
"1371",2015-01-27,-5.147561
"1372",2015-01-28,-10.49684
"1373",2015-01-29,-8.602202
"1374",2015-01-30,-7.692723
"1375",2015-01-31,-10.14933
"1376",2015-02-01,-5.87599
"1377",2015-02-02,-6.071555
"1378",2015-02-03,-8.185916
"1379",2015-02-04,-4.266162
"1380",2015-02-05,-10.19125
"1381",2015-02-06,-13.18784
"1382",2015-02-07,-3.684059
"1383",2015-02-08,0.5493762
"1384",2015-02-09,1.120907
"1385",2015-02-10,-1.532968
"1386",2015-02-11,-1.453641
"1387",2015-02-12,-8.642076
"1388",2015-02-13,-14.11497
"1389",2015-02-14,-10.81262
"1390",2015-02-15,-14.96844
"1391",2015-02-16,-15.99571
"1392",2016-05-12,-52.60852
"1393",2016-05-13,-54.00386
"1394",2016-05-14,-61.18057
"1395",2016-05-15,-62.29895
"1396",2016-05-16,-2.259169
"1397",2016-05-17,9.396501
"1398",2016-05-18,9.711463
"1399",2016-05-19,5.752879
"1400",2016-05-20,7.131499
"1401",2016-05-21,-3.000605
"1402",2016-05-22,11.31521
"1403",2016-05-23,-70.01843
"1404",2016-05-24,-67.13103
"1405",2016-05-25,-59.69402
"1406",2016-05-26,-58.16555
"1407",2016-05-27,-59.53644
"1408",2016-05-28,-66.49314
"1409",2016-05-29,-63.07436
"1410",2016-05-30,-69.93649
"1411",2016-05-31,-69.64469
"1412",2016-06-01,-66.85094
"1413",2016-06-02,-59.31733
"1414",2016-06-03,-68.95175
"1415",2016-06-04,-68.27014
"1416",2016-06-05,-61.92212
"1417",2016-06-06,-49.39323
"1418",2016-06-07,-54.55344
"1419",2016-06-08,-67.12792
"1420",2016-06-09,-61.10624
"1421",2016-06-10,-70.87797
"1422",2016-06-11,-65.51452
"1423",2016-06-12,-62.03036
"1424",2016-06-13,-65.04853
"1425",2016-06-14,-31.35285
"1426",2016-06-15,-28.88971
"1427",2016-06-16,-66.82407
"1428",2016-06-17,-62.8026
"1429",2016-06-18,-68.74248
"1430",2016-06-19,-70.51725
"1431",2016-06-20,-68.52956
"1432",2016-06-21,-51.49865
"1433",2016-06-22,-68.03279
"1434",2016-06-23,-60.90244
"1435",2016-06-24,-51.10717
"1436",2016-06-25,-61.89566
"1437",2016-06-26,-48.57455
"1438",2016-06-27,-40.3109
"1439",2016-06-28,-16.61957
"1440",2016-06-29,-65.75699
"1441",2016-06-30,-66.29942
"1442",2016-07-01,-51.46779
"1443",2016-07-02,-51.75364
"1444",2016-07-03,-35.54275
"1445",2016-07-04,18.22393
"1446",2016-07-05,-0.5799372
"1447",2016-07-06,-40.7361
"1448",2016-07-07,0.6568602
"1449",2016-07-08,-3.078942
"1450",2016-07-09,-3.042263
"1451",2016-07-10,-19.91801
"1452",2016-07-11,-51.42381
"1453",2016-07-12,-24.00608
"1454",2016-07-13,-1.702899
"1455",2016-07-14,-12.39181
"1456",2016-07-15,-14.8366
"1457",2016-07-16,-11.55435
"1458",2016-07-17,-6.872396
"1459",2016-07-18,-24.97971
"1460",2016-07-19,-7.223485
"1461",2016-07-20,-33.26627
"1462",2016-07-21,-44.90083
"1463",2016-07-22,-30.56809
"1464",2016-07-23,-19.36641
"1465",2016-07-24,-29.08967
"1466",2016-07-25,-23.19556
"1467",2016-07-26,-30.59681
"1468",2016-07-27,-27.93283
"1469",2016-07-28,-37.10979
"1470",2016-07-29,-38.98585
"1471",2016-07-30,-29.83088
"1472",2016-07-31,-53.85408
"1473",2016-08-01,-39.97973
"1474",2016-08-02,-33.35948
"1475",2016-08-03,-11.20067
"1476",2016-08-04,-27.9655
"1477",2016-08-05,-21.71982
"1478",2016-08-06,-41.30709
"1479",2016-08-07,-54.27589
"1480",2016-08-08,-56.12709
"1481",2016-08-09,-47.16048
"1482",2016-08-10,-57.46521
"1483",2016-08-11,-48.6475
"1484",2016-08-12,-43.85289
"1485",2016-08-13,-40.64217
"1486",2016-08-14,-48.59616
"1487",2016-08-15,-46.58918
"1488",2016-08-16,-45.36581
"1489",2016-08-17,-57.63131
"1490",2016-08-18,-56.43406
"1491",2016-08-19,-44.50943
"1492",2016-08-20,-51.80278
"1493",2016-08-21,-55.01968
"1494",2016-08-22,-65.03225
"1495",2016-08-23,-64.40803
"1496",2016-08-24,-54.80188
"1497",2016-08-25,-55.4515
"1498",2016-08-26,-60.43109
"1499",2016-08-27,-63.68791
"1500",2016-08-28,-63.52997
"1501",2016-08-29,-57.17472
"1502",2016-08-30,-59.18391
"1503",2016-08-31,-48.87563
"1504",2016-09-01,-58.61876
"1505",2016-09-02,-53.40923
"1506",2016-09-03,-35.07886
"1507",2016-09-04,-50.04681
"1508",2016-09-05,-49.21622
"1509",2016-09-06,-48.86388
"1510",2016-09-07,-15.23859
"1511",2016-09-08,-60.32723
"1512",2016-09-09,-59.29432
"1513",2016-09-10,-55.41622
"1514",2016-09-11,-59.75264
"1515",2016-09-12,-66.15984
"1516",2016-09-13,-48.79983
"1517",2016-09-14,-54.95618
"1518",2016-09-15,-44.43855
"1519",2016-09-16,-48.98677
"1520",2016-09-17,-30.81393
"1521",2016-09-18,-28.72819
"1522",2016-09-19,-33.87354
"1523",2016-09-20,-61.06832
"1524",2016-09-21,-63.22754
"1525",2016-09-22,-62.56313
"1526",2016-09-23,-62.49397
"1527",2016-09-24,-62.84269
"1528",2016-09-25,-62.23464
"1529",2016-09-26,-36.92467
"1530",2016-09-27,-66.75314
"1531",2016-09-28,-60.5752
"1532",2016-09-29,-67.37167
"1533",2016-09-30,-51.66266
"1534",2016-10-01,-52.49319
"1535",2016-10-02,-66.75966
"1536",2016-10-03,-68.04269
"1537",2016-10-04,-68.44514
"1538",2016-10-05,-69.38514
"1539",2016-10-06,-68.4648
"1540",2016-10-07,-66.86954
"1541",2016-10-08,-46.23142
"1542",2016-10-09,-69.10474
"1543",2016-10-10,-70.65519
"1544",2016-10-11,-70.25674
"1545",2016-10-12,-64.88215
"1546",2016-10-13,-70.81921
"1547",2016-10-14,-67.15501
"1548",2016-10-15,-59.1958
"1549",2016-10-16,-61.45494
"1550",2016-10-17,-70.79847
"1551",2016-10-18,-71.04522
"1552",2016-10-19,-68.76339
"1553",2016-10-20,-69.54421
"1554",2016-10-21,-68.29579
"1555",2016-10-22,-68.78261
"1556",2016-10-23,-71.57224
"1557",2016-10-24,-68.74266
"1558",2016-10-25,-70.7222
"1559",2016-10-26,-70.39574
"1560",2016-10-27,-66.90794
"1561",2016-10-28,-69.33427
"1562",2016-10-29,-69.12483
"1563",2016-10-30,-70.23116
"1564",2016-10-31,-69.98946
"1565",2016-11-01,-68.0399
"1566",2016-11-02,-71.33543
"1567",2016-11-03,-71.1368
"1568",2016-11-04,-69.80824
"1569",2016-11-05,-70.20782
"1570",2016-11-06,-70.881
"1571",2016-11-07,-69.83203
"1572",2016-11-08,-69.22033
"1573",2016-11-09,-67.83915
"1574",2016-11-10,-67.77534
"1575",2016-11-11,-69.1243
"1576",2016-11-12,-61.81486
"1577",2016-11-13,-2.447453
"1578",2016-11-14,-41.01427
"1579",2016-11-15,-17.90784
"1580",2016-11-16,-36.64298
"1581",2016-11-17,-33.81597
"1582",2016-11-18,-71.68427
"1583",2016-11-19,-68.60197
"1584",2016-11-20,-52.64091
"1585",2016-11-21,-28.59421
"1586",2016-11-22,-7.453351
"1587",2016-11-23,-3.717875
"1588",2016-11-24,-22.68275
"1589",2016-11-25,5.596718
"1590",2016-11-26,-22.50904
"1591",2016-11-27,-10.545
"1592",2016-11-28,0.02837417
"1593",2016-11-29,7.156337
"1594",2016-11-30,9.327067
"1595",2016-12-01,-53.15517
"1596",2016-12-02,-50.85595
"1597",2016-12-03,-34.51654
"1598",2016-12-04,-16.31529
"1599",2016-12-05,-25.52714
"1600",2016-12-06,2.640275
"1601",2016-12-07,-0.7486932
"1602",2016-12-08,-13.80919
"1603",2016-12-09,-11.8324
"1604",2016-12-10,-7.414323
"1605",2016-12-11,-7.451637
"1606",2016-12-12,-15.50251
"1607",2016-12-13,-7.947663
"1608",2016-12-14,-13.38233
"1609",2016-12-15,-11.95006
"1610",2016-12-16,-13.26071
"1611",2016-12-17,-3.752056
"1612",2016-12-18,-60.59557
"1613",2016-12-19,-4.863677
"1614",2016-12-20,-8.404211
"1615",2016-12-21,-3.671725
"1616",2016-12-22,-27.42716
"1617",2016-12-23,-3.942089
"1618",2016-12-24,3.080334
"1619",2016-12-25,-9.010594
"1620",2016-12-26,4.250246
"1621",2016-12-27,-70.80248
"1622",2016-12-28,-59.80637
"1623",2016-12-29,-25.56438
"1624",2016-12-30,-38.10765
"1625",2016-12-31,-26.32365
"1626",2017-01-01,-28.44647
"1627",2017-01-02,-20.42666
"1628",2017-01-03,4.287679
"1629",2017-01-04,-62.77748
"1630",2017-01-05,-33.12945
"1631",2017-01-06,-7.671563
"1632",2017-01-07,-10.92045
"1633",2017-01-08,-18.31028
"1634",2017-01-09,-18.5089
"1635",2017-01-10,-8.183471
"1636",2017-01-11,-24.7556
"1637",2017-01-12,-71.46205
"1638",2017-01-13,-71.08072
"1639",2017-01-14,-67.25313
"1640",2017-01-15,-53.08189
"1641",2017-01-16,2.796796
"1642",2017-01-17,4.854733
"1643",2017-01-18,-62.8525
"1644",2017-01-19,-55.2102
"1645",2017-01-20,-42.26339
"1646",2017-01-21,4.495939
"1647",2017-01-22,7.815336
"1648",2017-01-23,-0.7109193
"1649",2017-01-24,-1.063605
"1650",2017-01-25,-70.85878
"1651",2017-01-26,-69.05803
"1652",2017-01-27,-64.73878
"1653",2017-01-28,-65.8432
"1654",2017-01-29,-57.82827
"1655",2017-01-30,-53.58579
"1656",2017-01-31,-47.40977
"1657",2017-02-01,-45.70033
"1658",2017-02-02,-52.86182
"1659",2017-02-03,-24.81996
"1660",2017-02-04,-29.85684
"1661",2017-02-05,-1.801117
"1662",2017-02-06,0.1514635
"1663",2017-02-07,9.56583
"1664",2017-02-08,8.859725
"1665",2017-02-09,-51.25379
"1666",2017-02-10,-29.19708
"1667",2017-02-11,-35.02753
"1668",2017-02-12,7.261371
"1669",2017-02-13,-1.69574
"1670",2017-02-14,-2.512498
"1671",2017-02-15,-0.7206866
"1672",2017-02-16,-6.101642
"1673",2017-02-17,-29.50123
"1674",2017-02-18,-58.50883
"1675",2017-02-19,-1.599748
"1676",2017-02-20,4.421109
"1677",2017-02-21,5.304644
"1678",2017-02-22,7.498028
"1679",2017-02-23,-0.429755
"1680",2017-02-24,10.84859
"1681",2017-02-25,-36.79121
"1682",2017-02-26,-45.96385
"1683",2017-02-27,-29.21064
"1684",2017-02-28,-29.01556
"1685",2017-03-01,-44.57109
"1686",2017-03-02,-30.84294
"1687",2017-03-03,-14.42618
"1688",2017-03-04,-35.15287
"1689",2017-03-05,-14.87536
"1690",2017-03-06,-0.6974984
"1691",2017-03-07,7.498028
"1692",2017-03-08,-34.67026
"1693",2017-03-09,-30.46353
"1694",2017-03-10,-4.069354
"1695",2017-03-11,-7.682143
"1696",2017-03-12,-33.03501
"1697",2017-03-13,-33.16145
"1698",2017-03-14,-6.649364
"1699",2017-03-15,-21.1321
"1700",2017-03-16,-6.401812
"1701",2017-03-17,-5.330508
"1702",2017-03-18,1.713526
"1703",2017-03-19,2.152848
"1704",2017-03-20,-1.703486
"1705",2017-03-21,5.887568
"1706",2017-03-22,-1.88525
"1707",2017-03-23,-29.1316
"1708",2017-03-24,1.474341
"1709",2017-03-25,11.83458
"1710",2017-03-26,-27.50256
"1711",2017-03-27,0.5589291
"1712",2017-03-28,-10.45253
"1713",2017-03-29,-22.47596
"1714",2017-03-30,3.105568
"1715",2017-03-31,6.013267
"1716",2017-04-01,6.350896
"1717",2017-04-02,-18.54034
"1718",2017-04-03,8.518236
"1719",2017-05-24,-39.36184
"1720",2017-05-25,-62.56652
"1721",2017-05-26,-67.0765
"1722",2017-05-27,-60.19355
"1723",2017-05-28,-68.72195
"1724",2017-05-29,-65.43593
"1725",2017-05-30,-67.56559
"1726",2017-05-31,-64.86494
"1727",2017-06-01,-62.98439
"1728",2017-06-02,11.72769
"1729",2017-06-03,12.54305
"1730",2017-06-04,-64.35162
"1731",2017-06-05,-38.66021
"1732",2017-06-06,-66.86552
"1733",2017-06-07,-65.6503
"1734",2017-06-08,-67.83833
"1735",2017-06-09,-69.86713
"1736",2017-06-10,-69.58932
"1737",2017-06-11,-67.99013
"1738",2017-06-12,-66.92796
"1739",2017-06-13,-61.84954
"1740",2017-06-14,-63.09063
"1741",2017-06-15,-64.92519
"1742",2017-06-16,-65.61129
"1743",2017-06-17,-70.82938
"1744",2017-06-18,-68.77991
"1745",2017-06-19,-65.30912
"1746",2017-06-20,-59.56189
"1747",2017-06-21,-68.91712
"1748",2017-06-22,-60.22979
"1749",2017-06-23,-59.56435
"1750",2017-06-24,-54.87471
"1751",2017-06-25,-62.37776
"1752",2017-06-26,12.48875
"1753",2017-06-27,12.73491
"1754",2017-06-28,10.35525
"1755",2017-06-29,14.65642
"1756",2017-06-30,-65.46829
"1757",2017-07-01,7.309092
"1758",2017-07-02,-69.5736
"1759",2017-07-03,-69.13089
"1760",2017-07-04,-67.38003
"1761",2017-07-05,-70.14832
"1762",2017-07-06,-65.29568
"1763",2017-07-07,-66.80941
"1764",2017-07-08,-53.81178
"1765",2017-07-09,-63.22989
"1766",2017-07-10,-68.46745
"1767",2017-07-11,-60.19837
"1768",2017-07-12,-65.84058
"1769",2017-07-13,-68.07524
"1770",2017-07-14,-66.56915
"1771",2017-07-15,-47.33652
"1772",2017-07-16,-58.21651
"1773",2017-07-17,-65.78107
"1774",2017-07-18,-65.14776
"1775",2017-07-19,-68.61995
"1776",2017-07-20,-68.42937
"1777",2017-07-21,-68.69682
"1778",2017-07-22,-64.49438
"1779",2017-07-23,-53.1004
"1780",2017-07-24,-47.00445
"1781",2017-07-25,-58.69886
"1782",2017-07-26,-63.66267
"1783",2017-07-27,-61.84563
"1784",2017-07-28,-58.19631
"1785",2017-07-29,-46.62822
"1786",2017-07-30,-53.15106
"1787",2017-07-31,-48.84232
"1788",2017-08-01,-52.68419
"1789",2017-08-02,-44.22614
"1790",2017-08-03,-48.56926
"1791",2017-08-04,-51.47844
"1792",2017-08-05,-57.00686
"1793",2017-08-06,-69.79613
"1794",2017-08-07,-65.25804
"1795",2017-08-08,-66.86378
"1796",2017-08-09,-69.53002
"1797",2017-08-10,-69.71798
"1798",2017-08-11,-59.93314
"1799",2017-08-12,-67.99461
"1800",2017-08-13,-61.89775
"1801",2017-08-14,-47.99061
"1802",2017-08-15,-51.63501
"1803",2017-08-16,-63.92364
"1804",2017-08-17,-58.51007
"1805",2017-08-18,-66.63766
"1806",2017-08-19,-55.62012
"1807",2017-08-20,-55.61974
"1808",2017-08-21,-63.31098
"1809",2017-08-22,-67.20709
"1810",2017-08-23,-55.28074
"1811",2017-08-24,-55.66889
"1812",2017-08-25,-66.56875
"1813",2017-08-26,-62.57014
"1814",2017-08-27,-56.38711
"1815",2017-08-28,-67.24142
"1816",2017-08-29,-57.36251
"1817",2017-08-30,-55.33469
"1818",2017-08-31,-61.32084
"1819",2017-09-01,-39.2338
"1820",2017-09-02,-36.73779
"1821",2017-09-03,-57.29506
"1822",2017-09-04,-55.23394
"1823",2017-09-05,-61.24152
"1824",2017-09-06,-53.33314
"1825",2017-09-07,-63.92571
"1826",2017-09-08,-63.93274
"1827",2017-09-09,-66.14384
"1828",2017-09-10,-70.93189
"1829",2017-09-11,-69.21748
"1830",2017-09-12,-69.72606
"1831",2017-09-13,-66.63187
"1832",2017-09-14,-70.54975
"1833",2017-09-15,-69.68256
"1834",2017-09-16,-69.3027
"1835",2017-09-17,-70.65715
"1836",2017-09-18,-69.88232
"1837",2017-09-19,-69.5438
"1838",2017-09-20,-68.18072
"1839",2017-09-21,-67.45945
"1840",2017-09-22,-65.28551
"1841",2017-09-23,-69.75102
"1842",2017-09-24,-67.54274
"1843",2017-09-25,-69.30119
"1844",2017-09-26,-70.93674
"1845",2017-09-27,-68.99458
"1846",2017-09-28,-63.60495
"1847",2017-09-29,-70.82663
"1848",2017-09-30,-71.58547
"1849",2017-10-01,-70.63847
"1850",2017-10-02,-70.55181
"1851",2017-10-03,-69.92179
"1852",2017-10-04,-70.4166
"1853",2017-10-05,-70.49099
"1854",2017-10-06,-69.92643
"1855",2017-10-07,-70.00541
"1856",2017-10-08,-67.49772
"1857",2017-10-09,-69.26076
"1858",2017-10-10,-70.18903
"1859",2017-10-11,-68.45035
"1860",2017-10-12,-65.89208
"1861",2017-10-13,-63.83092
"1862",2017-10-14,-70.25576
"1863",2017-10-15,-70.52291
"1864",2017-10-16,-70.36461
"1865",2017-10-17,-71.96586
"1866",2017-10-18,-71.76439
"1867",2017-10-19,-71.45637
"1868",2017-10-20,-71.36042
"1869",2017-10-21,-71.43762
"1870",2017-10-22,-71.31066
"1871",2017-10-23,-70.06871
"1872",2017-10-24,-71.78519
"1873",2017-10-25,-69.99181
"1874",2017-10-26,-71.257
"1875",2017-10-27,-70.42239
"1876",2017-10-28,-70.47072
"1877",2017-10-29,-68.74921
"1878",2017-10-30,-70.95476
"1879",2017-10-31,-71.41081
"1880",2017-11-01,-70.13113
"1881",2017-11-02,-70.44308
"1882",2017-11-03,-71.27331
"1883",2017-11-04,-66.13414
"1884",2017-11-05,-52.40377
"1885",2017-11-06,-71.52051
"1886",2017-11-07,-67.76571
"1887",2017-11-08,-66.95303
"1888",2017-11-09,-11.07708
"1889",2017-11-10,-68.69743
"1890",2017-11-11,-63.22341
"1891",2017-11-12,-62.87854
"1892",2017-11-13,-5.781114
"1893",2017-11-14,-62.08449
"1894",2017-11-15,-62.66782
"1895",2017-11-16,-65.258
"1896",2017-11-17,-0.04379157
"1897",2017-11-18,2.530353
"1898",2017-11-19,-67.51102
"1899",2017-11-20,-67.70791
"1900",2017-11-21,-11.54732
"1901",2017-11-22,-63.48656
"1902",2017-11-23,-55.71181
"1903",2017-11-24,-2.438772
"1904",2017-11-25,-1.163677
"1905",2017-11-26,0.5419811
"1906",2017-11-27,-50.99259
"1907",2017-11-28,-33.1176
"1908",2017-11-29,-56.97845
"1909",2017-11-30,-27.27614
"1910",2017-12-01,-43.24186
"1911",2017-12-02,-47.14525
"1912",2017-12-03,-18.25423
"1913",2017-12-04,-55.30912
"1914",2017-12-05,-37.10134
"1915",2017-12-06,-47.41006
"1916",2017-12-07,-4.759144
"1917",2017-12-08,-1.466325
"1918",2017-12-09,-45.23344
"1919",2017-12-10,-45.47172
"1920",2017-12-11,-30.14196
"1921",2017-12-12,-25.68365
"1922",2017-12-13,-39.56476
"1923",2017-12-14,-13.00764
"1924",2017-12-15,-23.41273
"1925",2017-12-16,-21.2465
"1926",2017-12-17,-1.147818
"1927",2017-12-18,-10.78239
"1928",2017-12-19,-7.36142
"1929",2017-12-20,-32.01927
"1930",2017-12-21,-20.28022
"1931",2017-12-22,-1.162455
"1932",2017-12-23,-17.84438
"1933",2017-12-24,-31.02671
"1934",2017-12-25,-21.13976
"1935",2017-12-26,-38.5169
"1936",2017-12-27,-41.36134
"1937",2017-12-28,-25.71706
"1938",2017-12-29,-15.33576
"1939",2017-12-30,-7.286096
"1940",2017-12-31,-16.97347
"1941",2018-01-01,-19.76122
"1942",2018-01-02,-16.94116
"1943",2018-01-03,-14.00316
"1944",2018-01-04,-11.69606
"1945",2018-01-05,-12.87493
"1946",2018-01-06,-15.36626
"1947",2018-01-07,-17.72908
"1948",2018-01-08,-5.711656
"1949",2018-01-09,-9.450332
"1950",2018-01-10,-3.509608
"1951",2018-01-11,-1.140012
"1952",2018-01-12,-48.62661
"1953",2018-01-13,-60.2747
"1954",2018-01-14,-12.28813
"1955",2018-01-15,-31.38446
"1956",2018-01-16,-42.87383
"1957",2018-01-17,-26.17692
"1958",2018-01-18,-47.23219
"1959",2018-01-19,-58.91804
"1960",2018-01-20,-69.41454
"1961",2018-01-21,-66.3505
"1962",2018-01-22,-59.3009
"1963",2018-01-23,-52.65191
"1964",2018-01-24,-24.60477
"1965",2018-01-25,-27.13946
"1966",2018-01-26,-5.086365
"1967",2018-01-27,-1.007402
"1968",2018-01-28,6.485553
"1969",2018-01-29,-0.09342453
"1970",2018-01-30,-13.92564
"1971",2018-01-31,-21.64035
"1972",2018-02-01,1.260031
"1973",2018-02-02,-24.96001
"1974",2018-02-03,-22.97074
"1975",2018-02-04,-1.7925
"1976",2018-02-05,-3.865073
"1977",2018-02-06,-2.582484
"1978",2018-02-07,-2.582077
"1979",2018-02-08,-6.291976
"1980",2018-02-09,-4.974785
"1981",2018-02-10,3.347242
"1982",2018-02-11,-66.51176
"1983",2018-02-12,-67.31394
"1984",2018-02-13,-60.539
"1985",2018-02-14,-48.05804
"1986",2018-02-15,-71.21629
"1987",2018-02-16,3.044536
"1988",2018-02-17,-3.706569
"1989",2018-02-18,-70.81009
"1990",2018-02-19,-66.68607
"1991",2018-02-20,-70.93352
"1992",2018-02-21,-70.41762
"1993",2018-02-22,-39.35384
"1994",2018-02-23,4.300699
"1995",2018-02-24,-68.67891
"1996",2018-02-25,-67.42967
"1997",2018-02-26,-65.63168
"1998",2018-02-27,-71.68478
"1999",2018-02-28,-70.9557
"2000",2018-03-01,-45.39797
"2001",2018-03-02,-43.32307
"2002",2018-03-03,-68.30791
"2003",2018-03-04,-70.43004
"2004",2018-03-05,-25.89531
"2005",2018-03-06,-5.991347
"2006",2018-03-07,-14.03238
"2007",2018-03-08,-15.91417
"2008",2018-03-09,-3.663505
"2009",2018-03-10,-16.05696
"2010",2018-03-11,-19.54678
"2011",2018-03-12,-20.8664
"2012",2018-03-13,-3.363862
"2013",2018-03-14,-4.735879
"2014",2018-03-15,-24.43799
"2015",2018-03-16,-39.93819
"2016",2018-03-17,-31.42659
"2017",2018-03-18,-62.67699
"2018",2018-03-19,-49.74385
"2019",2018-03-20,-5.89583
"2020",2018-03-21,-1.947545
"2021",2018-03-22,-4.140145
"2022",2018-03-23,-6.813632
"2023",2018-03-24,-17.68003
"2024",2018-03-25,-3.942443
"2025",2018-03-26,-3.707719
"2026",2018-03-27,-0.2960039
"2027",2018-03-28,-10.71015
"2028",2018-03-29,-68.8733
"2029",2018-03-30,-70.58594
"2030",2018-03-31,-70.90931
"2031",2018-04-01,-68.19966
"2032",2018-04-02,-20.70856
"2033",2018-04-03,-8.286513
"2034",2018-04-04,-55.14586
"2035",2018-04-05,-44.87618
"2036",2018-04-06,-69.40101
"2037",2018-04-07,-36.50887
"2038",2018-04-08,-23.80136
"2039",2018-04-09,-1.42361
"2040",2018-04-10,-20.7826
"2041",2018-04-11,1.635423
"2042",2018-04-12,-67.25063
"2043",2018-04-13,-67.56451
"2044",2018-04-14,-69.30595
"2045",2018-04-15,-30.51829
"2046",2018-04-16,-14.36181
"2047",2018-04-17,-10.51733
"2048",2018-04-18,-21.84069
"2049",2018-04-19,1.255894
"2050",2018-04-20,-18.95898
"2051",2018-04-21,-22.10303
"2052",2018-04-22,2.200754
"2053",2018-04-23,8.043158
"2054",2018-04-24,8.740899
"2055",2018-04-25,-27.02214
"2056",2018-04-26,-67.89653
"2057",2018-04-27,-4.079587
"2058",2018-04-28,-70.1126
"2059",2018-04-29,-15.65801
"2060",2018-04-30,-61.06014
"2061",2018-05-01,-59.90639
"2062",2018-05-02,-45.05869
"2063",2018-05-03,13.30191
"2064",2018-05-04,14.66482
"2065",2018-05-05,12.07125
"2066",2018-05-06,10.80028
"2067",2018-05-07,-47.13262
"2068",2018-05-08,-29.50308
"2069",2018-05-09,-46.33403
"2070",2018-05-10,-13.99597
"2071",2018-05-11,-63.82838
"2072",2018-05-12,-67.35074
"2073",2018-05-13,-68.35164
"2074",2018-05-14,-69.97858
"2075",2018-05-15,-70.87553
"2076",2018-05-16,-27.90109
"2077",2018-05-17,-15.41006
"2078",2018-05-18,-61.62835
"2079",2018-05-19,-61.84601
"2080",2018-05-20,-66.89801
"2081",2018-05-21,-70.45163
"2082",2018-05-22,-69.57313
"2083",2018-05-23,-67.91981
"2084",2018-05-24,-71.01453
"2085",2018-05-25,-70.95547
"2086",2018-05-26,-71.00745
"2087",2018-05-27,-69.57993
"2088",2018-05-28,-65.51738
"2089",2018-05-29,-64.77692
"2090",2018-05-30,-57.75502
"2091",2018-05-31,-66.56418
"2092",2018-06-01,-68.01236
"2093",2018-06-02,-65.29691
"2094",2018-06-03,-51.5948
"2095",2018-06-04,-70.57388
"2096",2018-06-05,-67.57588
"2097",2018-06-06,-69.41228
"2098",2018-06-07,-69.91789
"2099",2018-06-08,-69.36113
"2100",2018-06-09,-68.55244
"2101",2018-06-10,-57.13076
"2102",2018-06-11,-59.17008
"2103",2018-06-12,-63.42652
"2104",2018-06-13,-70.75248
"2105",2018-06-14,-70.32142
"2106",2018-06-15,-70.196
"2107",2018-06-16,-70.05535
"2108",2018-06-17,-67.19604
"2109",2018-06-18,-69.48896
"2110",2018-06-19,-69.73819
"2111",2018-06-20,-70.06222
"2112",2018-06-21,-62.92617
"2113",2018-06-22,-66.47643
"2114",2018-06-23,-66.94341
"2115",2018-06-24,-67.48989
"2116",2018-06-25,-70.20125
"2117",2018-06-26,-69.99552
"2118",2018-06-27,-69.10029
"2119",2018-06-28,-70.13139
"2120",2018-06-29,-66.22373
"2121",2018-06-30,-69.48753
"2122",2018-07-01,-69.6103
"2123",2018-07-02,-67.27726
"2124",2018-07-03,-67.52467
"2125",2018-07-04,-67.9958
"2126",2018-07-05,-68.27187
"2127",2018-07-06,-67.0558
"2128",2018-07-07,-69.82584
"2129",2018-07-08,-69.75657
"2130",2018-07-09,-69.40747
"2131",2018-07-10,-70.15556
"2132",2018-07-11,-70.18752
"2133",2018-07-12,-67.3284
"2134",2018-07-13,-59.05901
"2135",2018-07-14,-61.33191
"2136",2018-07-15,-64.00377
"2137",2018-07-16,-69.11665
"2138",2018-07-17,-69.16863
"2139",2018-07-18,-71.21989
"2140",2018-07-19,-69.52384
"2141",2018-07-20,-65.99635
"2142",2018-07-21,-66.69461
"2143",2018-07-22,-56.49332
"2144",2018-07-23,-70.63892
"2145",2018-07-24,-69.6449
"2146",2018-07-25,-66.52608
"2147",2018-07-26,-67.91527
"2148",2018-07-27,-68.80927
"2149",2018-07-28,-69.46408
"2150",2018-07-29,-70.1759
"2151",2018-07-30,-69.12471
"2152",2018-07-31,-63.59804
"2153",2018-08-01,-67.30889
"2154",2018-08-02,-61.14042
"2155",2018-08-03,-53.10853
"2156",2018-08-04,-67.53898
"2157",2018-08-05,-68.52093
"2158",2018-08-06,-68.65076
"2159",2018-08-07,-68.67942
"2160",2018-08-08,-68.55878
"2161",2018-08-09,-69.38626
"2162",2018-08-10,-69.16706
"2163",2018-08-11,-69.78679
"2164",2018-08-12,-61.48304
"2165",2018-08-13,-70.45945
"2166",2018-08-14,-67.54583
"2167",2018-08-15,-57.06694
"2168",2018-08-16,-56.9145
"2169",2018-08-17,-67.49649
"2170",2018-08-18,-67.61112
"2171",2018-08-19,-66.21934
"2172",2018-08-20,-59.57543
"2173",2018-08-21,-65.42451
"2174",2018-08-22,-67.70277
"2175",2018-08-23,-67.23293
"2176",2018-08-24,-66.10694
"2177",2018-08-25,-68.79951
"2178",2018-08-26,-69.13081
"2179",2018-08-27,-68.12645
"2180",2018-08-28,-69.70767
"2181",2018-08-29,-69.39275
"2182",2018-08-30,-68.85468
"2183",2018-08-31,-65.98859
"2184",2018-09-01,-59.64988
"2185",2018-09-02,-70.96185
"2186",2018-09-03,-66.46012
"2187",2018-09-04,-66.96989
"2188",2018-09-05,-68.90431
"2189",2018-09-06,-69.65388
"2190",2018-09-07,-65.24818
"2191",2018-09-08,-30.58111
"2192",2018-09-09,-55.57237
"2193",2018-09-10,-54.27146
"2194",2018-09-11,-56.84531
"2195",2018-09-12,-62.00961
"2196",2018-09-13,1.319159
"2197",2018-09-14,9.948441
"2198",2018-09-15,17.28675
"2199",2018-09-16,14.56038
"2200",2018-09-17,21.91744
"2201",2018-09-18,-24.71337
"2202",2018-09-19,7.463595
"2203",2018-09-20,17.54275
"2204",2018-09-21,16.89867
"2205",2018-09-22,14.55835
"2206",2018-09-23,-2.947655
"2207",2018-09-24,-25.01846
"2208",2018-09-25,-32.46251
"2209",2018-09-26,18.86687
"2210",2018-09-27,12.28356
"2211",2018-09-28,-18.01777
"2212",2018-09-29,13.66794
"2213",2018-09-30,12.12996
"2214",2018-10-01,16.08373
"2215",2018-10-02,17.89758
"2216",2018-10-03,-1.280609
"2217",2018-10-04,-6.54806
"2218",2018-10-05,-9.826272
"2219",2018-10-06,-7.065249
"2220",2018-10-07,-33.49248
"2221",2018-10-08,-44.6048
"2222",2018-10-09,-46.59543
"2223",2018-10-10,-63.53809
"2224",2018-10-11,-63.35778
"2225",2018-10-12,-28.57682
"2226",2018-10-13,4.763314
"2227",2018-10-14,4.599477
"2228",2018-10-15,-60.72947
"2229",2018-10-16,-63.84159
"2230",2018-10-17,-52.27286
"2231",2018-10-18,0.7089739
"2232",2018-10-19,-60.74266
"2233",2018-10-20,-69.33022
"2234",2018-10-21,-62.56998
"2235",2018-10-22,-55.58634
"2236",2018-10-23,-61.31372
"2237",2018-10-24,-45.33759
"2238",2018-10-25,-0.4062341
"2239",2018-10-26,3.319232
"2240",2018-10-27,5.838356
"2241",2018-10-28,-60.76928
"2242",2018-10-29,-59.05939
"2243",2018-10-30,-41.87694
"2244",2018-10-31,-63.83142
"2245",2018-11-01,-69.56168
"2246",2018-11-02,-69.9939
"2247",2018-11-03,-50.36019
"2248",2018-11-04,-29.82873
"2249",2018-11-05,8.240541
"2250",2018-11-06,-68.18719
"2251",2018-11-07,-68.47469
"2252",2018-11-08,-64.50957
"2253",2018-11-09,-34.21796
"2254",2018-11-10,-58.41871
"2255",2018-11-11,-56.38463
"2256",2018-11-12,-64.17619
"2257",2018-11-13,4.068824
"2258",2018-11-14,-64.34378
"2259",2018-11-15,-52.77679
"2260",2018-11-16,-48.6357
"2261",2018-11-17,-46.30116
"2262",2018-11-18,-0.885994
"2263",2018-11-19,0.9651282
"2264",2018-11-20,2.733345
"2265",2018-11-21,-3.0292
"2266",2018-11-22,-2.290114
"2267",2018-11-23,-3.256509
"2268",2018-11-24,-1.508216
"2269",2018-11-25,-0.9903927
"2270",2018-11-26,1.399482
"2271",2018-11-27,-8.550112
"2272",2018-11-28,-4.779419
"2273",2018-11-29,-5.25528
"2274",2018-11-30,-1.899141
"2275",2018-12-01,-1.898733
"2276",2018-12-02,-1.932908
"2277",2018-12-03,-63.70376
"2278",2018-12-04,-0.7759999
"2279",2018-12-05,-1.274727
"2280",2018-12-06,-68.12325
"2281",2018-12-07,-67.26609
"2282",2018-12-08,-52.07957
"2283",2018-12-09,-3.219764
"2284",2018-12-10,-56.15715
"2285",2018-12-11,-39.02403
"2286",2018-12-12,-54.43684
"2287",2018-12-13,-53.91494
"2288",2018-12-14,-0.3492876
"2289",2018-12-15,-53.08677
"2290",2018-12-16,-52.95497
"2291",2018-12-17,-63.73562
"2292",2018-12-18,-66.07195
"2293",2018-12-19,-62.79637
"2294",2018-12-20,-65.69595
"2295",2018-12-21,-65.97459
"2296",2018-12-22,-70.85025
"2297",2018-12-23,-64.88522
"2298",2018-12-24,-68.51579
"2299",2018-12-25,-2.97467
"2300",2018-12-26,-58.21065
"2301",2018-12-27,-65.03776
"2302",2018-12-28,-60.73314
"2303",2018-12-29,-62.85885
"2304",2018-12-30,-53.79784
"2305",2018-12-31,-55.84072
"2306",2019-01-01,-70.16649
"2307",2019-01-02,-64.66229
"2308",2019-01-03,-69.92002
"2309",2019-01-04,-63.05996
"2310",2019-01-05,-67.32675
"2311",2019-01-06,-67.82005
"2312",2019-01-07,-0.922443
"2313",2019-01-08,-71.36678
"2314",2019-01-09,-70.30618
"2315",2019-01-10,-67.65015
"2316",2019-01-11,-62.99325
"2317",2019-01-12,-6.373358
"2318",2019-01-13,-3.599886
"2319",2019-01-14,-64.12569
"2320",2019-01-15,-64.50037
"2321",2019-01-16,-54.87907
"2322",2019-01-17,-2.253045
"2323",2019-01-18,-49.20887
"2324",2019-01-19,-0.02426657
"2325",2019-01-20,-9.311067
"2326",2019-01-21,-12.77608
"2327",2019-01-22,-19.091
"2328",2019-01-23,-45.90281
"2329",2019-01-24,-49.63956
"2330",2019-01-25,-16.11668
"2331",2019-01-26,-16.77449
"2332",2019-01-27,-69.59168
"2333",2019-01-28,-69.85121
"2334",2019-01-29,-8.539499
"2335",2019-01-30,-56.32272
"2336",2019-01-31,-47.83167
"2337",2019-02-01,-53.31896
"2338",2019-02-02,-53.73712
"2339",2019-02-03,-66.71182
"2340",2019-02-04,-71.21445
"2341",2019-02-05,-70.9378
"2342",2019-02-06,-68.73179
"2343",2019-02-07,-69.18577
"2344",2019-02-08,-71.01875
"2345",2019-02-09,-6.420674
"2346",2019-02-10,-8.03902
"2347",2019-02-11,-0.6254953
"2348",2019-02-12,0.5427946
"2349",2019-02-13,-1.652639
"2350",2019-02-14,-2.536981
"2351",2019-02-15,5.743115
"2352",2019-02-16,-2.974696
"2353",2019-02-17,-5.593842
"2354",2019-02-18,0.5708615
"2355",2019-02-19,-4.954878
"2356",2019-02-20,-2.338063
"2357",2019-02-21,-69.84609
"2358",2019-02-22,-69.47947
"2359",2019-02-23,1.518271
"2360",2019-02-24,-71.42923
"2361",2019-02-25,-70.37399
"2362",2019-02-26,-60.04649
"2363",2019-02-27,-59.32505
"2364",2019-02-28,-57.35844
"2365",2019-03-01,-60.63023
"2366",2019-03-02,-61.49099
"2367",2019-03-03,-61.5878
"2368",2019-03-04,-62.85901
"2369",2019-03-05,-63.18078
"2370",2019-03-06,-59.91055
"2371",2019-03-07,-63.34262
"2372",2019-03-08,-62.87238
"2373",2019-03-09,-51.62066
"2374",2019-03-10,-64.24534
"2375",2019-03-11,-71.42319
"2376",2019-03-12,-71.65225
"2377",2019-03-13,-67.26323
"2378",2019-03-14,-71.36492
"2379",2019-03-15,-70.29544
"2380",2019-03-16,-71.5023
"2381",2019-03-17,-70.09452
"2382",2019-03-18,-69.8354
"2383",2019-03-19,-62.36289
"2384",2019-03-20,-61.60584
"2385",2019-03-21,-60.82386
"2386",2019-03-22,-65.04611
"2387",2019-03-23,-64.35088
"2388",2019-03-24,-64.53965
"2389",2019-03-25,-67.38183
"2390",2019-03-26,-59.23172
"2391",2019-03-27,-61.4739
"2392",2019-03-28,-62.11951
"2393",2019-03-29,-64.59669
"2394",2019-03-30,-67.35689
"2395",2019-03-31,-66.15432
"2396",2019-04-01,-66.82634
"2397",2019-04-02,-34.02799
"2398",2019-04-03,-62.48603
"2399",2019-04-04,-62.93262
"2400",2019-04-05,6.261812
"2401",2019-04-06,-60.74618
"2402",2019-04-07,-58.39999
"2403",2019-04-08,-43.17675
"2404",2019-04-09,-61.91642
"2405",2019-04-10,-70.22512
"2406",2019-04-11,-62.97941
"2407",2019-04-12,-59.74803
"2408",2019-04-13,-66.48617
"2409",2019-04-14,-62.6957
"2410",2019-04-15,-66.16074
"2411",2019-04-16,-71.46941
"2412",2019-04-17,-69.97981
"2413",2019-04-18,-65.73276
"2414",2019-04-19,-10.3333
"2415",2019-04-20,-60.87118
"2416",2019-04-21,-71.36483
"2417",2019-04-22,-71.1054
"2418",2019-04-23,-69.21391
"2419",2019-04-24,-69.88877
"2420",2019-04-25,-69.10917
"2421",2019-04-26,-58.91323
"2422",2019-04-27,-70.90948
"2423",2019-04-28,-66.93712
"2424",2019-04-29,-65.43311
"2425",2019-04-30,-65.93896
"2426",2019-05-01,-53.59599
"2427",2019-05-02,-60.53588
"2428",2019-05-03,-70.45079
"2429",2019-05-04,-67.71742
"2430",2019-05-05,-56.37445
"2431",2019-05-06,-70.95109
"2432",2019-05-07,-70.19571
"2433",2019-05-08,-67.94473
"2434",2019-05-09,-70.61773
"2435",2019-05-10,-70.08709
"2436",2019-05-11,-67.31594
"2437",2019-05-12,-24.4413
"2438",2019-05-13,-69.60513
"2439",2019-05-14,-70.04297
"2440",2019-05-15,-71.20207
"2441",2019-05-16,-70.45322
"2442",2019-05-17,-70.1283
"2443",2019-05-18,-69.99328
"2444",2019-05-19,-69.05157
"2445",2019-05-20,-70.15053
"2446",2019-05-21,-71.01449
"2447",2019-05-22,-70.89763
"2448",2019-05-23,-69.16228
"2449",2019-05-24,-70.2316
"2450",2019-05-25,-69.87256
"2451",2019-05-26,-69.31522
"2452",2019-05-27,-67.95811
"2453",2019-05-28,-68.5736
"2454",2019-05-29,-63.89141
"2455",2019-05-30,-65.16857
"2456",2019-05-31,-65.04913
"2457",2019-06-01,-65.33216
"2458",2019-06-02,-67.99549
"2459",2019-06-03,-70.99371
"2460",2019-06-04,-69.81578
"2461",2019-06-05,-68.6289
"2462",2019-06-06,-70.20824
"2463",2019-06-07,-69.57735
"2464",2019-06-08,-68.86102
"2465",2019-06-09,-69.31596
"2466",2019-06-10,-68.19189
"2467",2019-06-11,-69.37985
"2468",2019-06-12,-70.66085
"2469",2019-06-13,-70.16847
"2470",2019-06-14,-69.96108
"2471",2019-06-15,-69.52018
"2472",2019-06-16,-69.23905
"2473",2019-06-17,-68.6511
"2474",2019-06-18,-69.06686
"2475",2019-06-19,-67.89461
"2476",2019-06-20,-65.05922
"2477",2019-06-21,-68.86508
"2478",2019-06-22,-66.98753
"2479",2019-06-23,-71.1504
"2480",2019-06-24,-71.16891
"2481",2019-06-25,-69.36743
"2482",2019-06-26,-71.03331
"2483",2019-06-27,-70.69106
"2484",2019-06-28,-71.0167
"2485",2019-06-29,-70.53271
"2486",2019-06-30,-70.65007
"2487",2019-07-01,-71.16256
"2488",2019-07-02,-68.15566
"2489",2019-07-03,-68.57624
"2490",2019-07-04,-68.02186
"2491",2019-07-05,-64.8447
"2492",2019-07-06,-64.86909
"2493",2019-07-07,-64.64165
"2494",2019-07-08,-49.29155
"2495",2019-07-09,-61.11179
"2496",2019-07-10,-53.42658
"2497",2019-07-11,-56.54062
"2498",2019-07-12,-64.18042
"2499",2019-07-13,-62.7555
"2500",2019-07-14,-54.71221
"2501",2019-07-15,-47.84853
"2502",2019-07-16,-39.68613
"2503",2019-07-17,-41.54253
"2504",2019-07-18,-39.82683
"2505",2019-07-19,-32.2194
"2506",2019-07-20,-37.34409
"2507",2019-07-21,-44.73616
"2508",2019-07-22,-38.0577
"2509",2019-07-23,-35.18266
"2510",2019-07-24,-49.15605
"2511",2019-07-25,-67.35277
"2512",2019-07-26,-67.39323
"2513",2019-07-27,-54.33368
"2514",2019-07-28,-49.42606
"2515",2019-07-29,-35.37059
"2516",2019-07-30,-40.7746
"2517",2019-07-31,-39.60838
"2518",2019-08-01,-36.80137
"2519",2019-08-02,-16.78711
"2520",2019-08-03,-11.92885
"2521",2019-08-04,-50.54424
"2522",2019-08-05,-46.51998
"2523",2019-08-06,-45.57291
"2524",2019-08-07,-41.54002
"2525",2019-08-08,-54.83002
"2526",2019-08-09,-68.90157
"2527",2019-08-10,-70.05803
"2528",2019-08-11,-70.225
"2529",2019-08-12,-69.22399
"2530",2019-08-13,-66.37443
"2531",2019-08-14,-69.99734
"2532",2019-08-15,-68.70356
"2533",2019-08-16,-68.38166
"2534",2019-08-17,-64.13759
"2535",2019-08-18,-67.12074
"2536",2019-08-19,-66.50331
"2537",2019-08-20,-66.19861
"2538",2019-08-21,-56.6501
"2539",2019-08-22,-57.07072
"2540",2019-08-23,-52.27532
"2541",2019-08-24,-67.57432
"2542",2019-08-25,-70.5499
"2543",2019-08-26,-66.90492
"2544",2019-08-27,-55.57326
"2545",2019-08-28,-60.82739
"2546",2019-08-29,-68.06833
"2547",2019-08-30,-67.82377
"2548",2019-08-31,-54.99198
"2549",2019-09-01,-52.76635
"2550",2019-09-02,-57.82275
"2551",2019-09-03,-53.56516
"2552",2019-09-04,-49.62833
"2553",2019-09-05,-53.69611
"2554",2019-09-06,-65.96049
"2555",2019-09-07,-70.94865
"2556",2019-09-08,-64.93604
"2557",2019-09-09,-55.87693
"2558",2019-09-10,-49.2091
"2559",2019-09-11,-58.1834
"2560",2019-09-12,-54.02185
"2561",2019-09-13,-53.1286
"2562",2019-09-14,-39.33408
"2563",2019-09-15,-60.87266
"2564",2019-09-16,-70.62875
"2565",2019-09-17,-70.65314
"2566",2019-09-18,-66.79262
"2567",2019-09-19,-69.63174
"2568",2019-09-20,-70.55296
"2569",2019-09-21,-70.65719
"2570",2019-09-22,-69.00573
"2571",2019-09-23,-69.31497
"2572",2019-09-24,-70.9087
"2573",2019-09-25,-69.36357
"2574",2019-09-26,-71.24719
"2575",2019-09-27,-68.75399
"2576",2019-09-28,-69.2584
"2577",2019-09-29,-70.84142
"2578",2019-09-30,-70.85682
"2579",2019-10-01,-70.71748
"2580",2019-10-02,-70.28818
"2581",2019-10-03,-65.99366
"2582",2019-10-04,-69.15398
"2583",2019-10-05,-70.30679
"2584",2019-10-06,-70.43739
"2585",2019-10-07,-70.88198
"2586",2019-10-08,-70.38488
"2587",2019-10-09,-71.19066
"2588",2019-10-10,-70.79906
"2589",2019-10-11,-69.68346
