sites.sitename,tmp_mean_mean,tmn.x_mean_mean,tmx_mean_mean,cld_sum_mean,pre_sum_mean,frs_sum_mean,wet_sum_mean,cld_sum_max,cld_sum_min,cld_sum_sd,cld_sum_median,dtr_mean_max,dtr_mean_min,dtr_mean_sd,dtr_mean_median,frs_sum_max,frs_sum_min,frs_sum_sd,frs_sum_median,pre_sum_max,pre_sum_min,pre_sum_sd,pre_sum_median,tmn.x_mean_max,tmn.x_mean_min,tmn.x_mean_sd,tmn.x_mean_median,tmp_mean_max,tmp_mean_min,tmp_mean_sd,tmp_mean_median,tmx_mean_max,tmx_mean_min,tmx_mean_sd,tmx_mean_median,vap_mean_max,vap_mean_min,vap_mean_sd,vap_mean_median,vap_sum_max,vap_sum_min,vap_sum_sd,vap_sum_median,wet_sum_max,wet_sum_min,wet_sum_sd,wet_sum_median
Amacayacu,25.88476228,21.1097623,30.73654802,977.8457328,2706.322902,0,271.2782802,1031.600014,923.2000237,21.9238837,978.2000198,9.675000111,9.566666842,0.017136657,9.625000159,0,0,0,0,3414.600082,1903.200027,359.9210892,2715.200058,21.83333381,20.23333391,0.384002211,21.17083351,26.60833391,25.00000032,0.382431648,25.94583368,31.45833397,29.8500007,0.380503886,30.80416695,30.77500057,28.51666705,0.570800795,29.83750041,369.3000069,342.2000046,6.849609545,358.050005,303.3599949,207.4899969,17.48394039,273.4749942
Badagongshan,14.83880977,11.03095257,18.69678602,883.7900172,1293.255737,52.01828464,183.7459957,959.9000206,788.4000168,32.0040621,882.1500149,8.591666818,6.675000072,0.422516295,7.64166683,69.07999802,34.79999906,7.778033295,51.76499921,1708.500034,971.7000313,173.1161593,1277.150016,11.83333366,10.15000011,0.392464107,11.04583353,15.65000008,14.20000016,0.375247888,14.80833356,19.80833371,17.89166689,0.465306616,18.68750026,15.5583336,13.38333358,0.43856136,14.45833381,186.7000031,160.600003,5.262736317,173.5000057,207.7099991,145.6899965,14.28620589,184.7099965
Baishanzu,14.52202406,10.51833353,18.57488126,849.1271581,1635.904315,48.56842763,198.701567,930.8000259,735.0000076,32.86533846,851.0500031,9.39166681,6.908333421,0.475405013,8.012500127,68.35000013,30.06999981,9.402031054,48.92499833,2234.500013,1045.900021,241.0107156,1634.65003,11.88333362,9.641666905,0.532873823,10.46666695,15.64166693,13.7583336,0.45721106,14.43333346,19.70833381,17.58333377,0.500741176,18.47916687,15.59166682,13.14166705,0.497183525,14.48333359,187.1000018,157.7000046,5.966202303,173.8000031,234.7099953,162.1799979,15.6123793,200.7399944
Baotianman,14.08880976,8.948333493,19.27047648,754.7785866,765.5171548,86.72785566,123.6744257,875.5000153,651.9000149,39.46836909,756.8000145,11.52500025,8.508333484,0.589015257,10.27500025,108.109996,65.53999813,8.758896698,87.82999973,1169.200008,541.9999995,128.9573265,742.5500162,10.27500016,7.500000103,0.656020985,8.837500215,15.32500014,13.14166707,0.573070328,14.02916685,20.5666668,17.66666708,0.632061849,19.27083364,13.27500008,11.59166701,0.387883696,12.24583352,159.3000009,139.1000041,4.654604346,146.9500022,166.0699959,96.3099966,12.2523265,123.9199959
Barro_Colorado_Island,26.17607183,22.96178609,29.44583373,683.6785825,2896.347193,0,198.4735669,812.5000191,554,31.88248486,686.7000179,7.475000143,5.425000072,0.459892487,6.416666746,0,0,0,0,3073.700081,2755.100058,65.93945409,2894.800023,23.98333375,22.09166718,0.461004522,22.96666694,26.88333368,25.25833384,0.350783909,26.20000045,30.34166718,28.30000035,0.376762526,29.44166716,29.61666711,27.50833384,0.586290232,28.65833386,355.4000053,330.1000061,7.035482783,343.9000063,202.949997,193.7999964,1.887983348,198.3749955
Bidoup,22.61261944,18.33964323,26.93809562,791.5271568,1835.627144,0,166.9925677,827.2000084,680.1000137,28.04961887,798.7500114,9.30000023,8.150000135,0.27825912,8.491666853,0,0,0,0,2069.300011,1774.9,54.3648788,1833,19.20833389,17.57500045,0.379022821,18.30416703,23.43333371,21.90833378,0.343362809,22.55833364,27.78333394,26.19166692,0.360844122,26.89583389,23.63333337,21.95833381,0.387282034,22.70416729,283.6000004,263.5000057,4.647384411,272.4500074,196.279995,154.6799965,7.532834711,166.2999964
Bukit_Timah,27.09047659,23.3058337,30.9261909,888.7700183,2215.891468,0,237.806852,943.0000229,765.900013,30.27946539,890.450016,8.175000072,6.900000056,0.28302284,7.666666746,0,0,0,0,2837.699997,1523.00005,316.3465214,2228.400051,24.55833387,22.44166724,0.565465387,23.1000003,28.10000022,26.31666692,0.491070193,26.99583387,32.15833441,30.19166708,0.453411872,30.94583368,31.25833384,28.55833387,0.703815079,29.90416702,375.1000061,342.7000065,8.445780952,358.8500042,261.5699921,189.2299952,14.59355296,239.2199955
Changbaishan,1.077023844,-5.090952456,7.249047739,645.7842966,872.105729,217.7719976,123.9285685,707.8000107,581.9000168,31.06569368,650.6000128,13.40000033,11.11666679,0.493430055,12.24166691,229.3499991,202.5799979,5.778503648,218.7049962,1186.000021,656.600008,117.3138089,849.3000153,-3.325000087,-6.808333392,0.797518734,-5.00833341,2.558333377,-0.674999833,0.727115233,1.08750015,8.866666814,5.441666861,0.741412936,7.216666716,6.975000153,5.475000172,0.31069891,6.166666766,83.70000184,65.70000207,3.728386915,74.0000012,145.3199973,82.44999683,12.36757725,123.7799975
Cocoli,26.51261942,22.79797657,30.2820242,660.3157237,1655.727171,0,184.4579957,799.2000122,534.900013,32.34575323,663.9500122,8.391666849,6.541666826,0.419192205,7.383333445,0,0,0,0,1721.900067,1579.900026,29.84710836,1651.050021,23.73333359,21.97500022,0.433304168,22.81666692,27.18333356,25.61666711,0.34013513,26.54166714,31.17500035,29.19166692,0.364471486,30.30833364,29.30833356,27.34166718,0.543309779,28.39166713,351.7000027,328.1000061,6.519717344,340.7000055,187.3499971,179.9399967,1.474504672,184.3749974
Danum_Valley,25.29773849,21.47166702,29.17035754,832.0171579,2681.82576,0,233.2277091,891.6000137,743.6000061,27.4666437,834.1000137,8.325000127,7.225000103,0.242643943,7.708333492,0,0,0,0,3773.700073,2022.900017,367.4104457,2652.400043,22.33333349,20.77500041,0.371190806,21.44166716,26.16666667,24.66666714,0.328003643,25.27083381,30.05000019,28.3500007,0.32426875,29.17916703,29.65833394,27.25000032,0.539366426,28.30833395,355.9000072,327.0000038,6.47239711,339.7000074,267.2799959,197.6199927,16.30752665,233.5749941
Daxinganling,-6.167976263,-14.2430955,1.901190505,660.7800126,473.0614363,268.2772831,102.6457119,708.5,609.3000145,23.71605981,664.4000092,17.02500049,14.90000033,0.455199374,16.13750033,284.7099973,256.6599966,6.448939022,268.8349967,627.4000158,353.0000091,65.30145819,458.2500065,-12.57500035,-16.29166704,0.949378998,-14.16666702,-4.583333482,-8.350000143,0.908452047,-6.06250004,3.883333286,-0.475000024,0.924242192,1.879166725,5.241666773,3.908333343,0.270723874,4.679166727,62.90000128,46.90000011,3.248686488,56.15000073,115.4999988,86.54999787,5.983985616,103.459997
Dinghushan,21.77928605,18.06880983,25.53928612,848.3200157,1769.840027,0.823428548,161.5761392,926.4000282,743.3000202,35.51773883,847.8500195,8.741666635,6.558333476,0.448772004,7.350000123,5.119999731,0,1.107829661,0.344999991,2384.100033,1041.800004,272.2924373,1796.550027,19.20000021,17.21666698,0.457230102,18.01666691,22.80000019,20.95833381,0.386949304,21.73333371,26.61666711,24.44166684,0.437301015,25.51250056,22.54166722,19.80833352,0.57367914,21.35416714,270.5000067,237.7000022,6.88414968,256.2500057,202.5899944,128.4599967,16.2686292,159.444997
Doi_Inthanon,23.04083374,16.92321459,29.20857186,659.6228679,1243.18288,0.11185714,149.5001396,738.2000103,574.100008,30.18278288,661.9000063,13.35833383,11.14166689,0.46745627,12.30416685,1.659999967,0,0.350144031,0,1581.600044,923.7000195,146.31248,1264.150023,17.84166686,15.79166714,0.455832846,16.94583368,24.02500057,22.20833413,0.390476768,23.004167,30.65000041,28.33333397,0.451400112,29.129167,22.86666695,20.28333362,0.488498938,21.5625004,274.4000034,243.4000034,5.861987261,258.7500048,173.509997,126.3999963,10.09908736,149.9949977
Donglingshan,7.562500136,1.376785748,13.76690496,537.841437,474.6400083,166.8047117,89.3028552,629.7000103,444.2000074,38.79130534,543.5000095,13.97500014,11.10000022,0.589116496,12.24166679,183.609996,148.8999985,8.05600129,166.3049979,737.6000072,272.6000076,98.31880507,458.2000072,3.26666681,-0.416666746,0.94710648,1.337500066,9.200000059,6.000000129,0.792350674,7.462500167,15.40000022,12.08333359,0.729841769,13.68333348,8.28333349,6.175000067,0.439776381,7.029166758,99.40000188,74.1000008,5.277316569,84.3500011,115.4699981,64.96999952,10.49231046,88.9099986
Fushan,21.21738127,18.05059553,24.43333374,867.0685898,2040.610035,0.026714285,210.4362809,940.4000244,737.8000183,34.37292824,865.4500084,7.200000167,5.825000147,0.242663372,6.354166746,1.359999985,0,0.167571928,0,2703.000034,1241.300022,325.5178787,2037.650051,19.28333362,17.08333361,0.512574038,18.01250025,22.30833387,20.35833375,0.447934835,21.17083375,25.44166692,23.66666706,0.407920271,24.30833379,22.57500021,20.00000024,0.462710633,21.21666714,270.9000025,240.0000029,5.552527592,254.6000056,249.5999966,159.7099981,16.94263706,208.2899962
Gutianshan,15.8205955,11.73797641,19.94785744,802.5971578,1648.008602,49.2732847,170.4465679,885.400013,730.0000114,31.08964737,801.8500156,9.116666714,7.283333421,0.389756421,8.137500127,70.51999807,30.53999907,9.190645367,50.26999944,2291.300062,1098.200027,252.0152846,1619.150016,12.91666692,10.70833351,0.565015415,11.70000022,16.93333364,14.84166688,0.508420892,15.75416691,21.13333352,18.86666687,0.52367402,19.95833353,16.98333339,14.59166674,0.48137769,15.87916696,203.8000007,175.1000009,5.776532282,190.5500035,205.8199959,144.7399955,13.05431767,170.899996
Haliburton,4.594404836,-1.278452403,10.48071449,749.8300126,1145.270019,187.8925688,165.6078536,790.3000221,689.6000099,22.27868022,749.8000069,12.86666691,10.76666689,0.458388777,11.75000012,204.7599961,170.8699975,7.695477859,188.0099967,1380.500023,907.0999985,105.8459565,1154.600023,0.758333425,-2.791666667,0.836036083,-1.366666744,6.650000056,3.233333419,0.781519304,4.479166709,12.6333335,8.941666951,0.793656334,10.23333351,9.791666905,7.450000127,0.480498302,8.258333355,117.5000029,89.40000153,5.765979629,99.10000026,195.2899971,131.3299956,13.27464682,167.1599965
Harvard_Forest,8.644523958,2.228690506,15.08773834,790.1943005,1104.494304,157.8234253,134.0025686,828.3000069,731.4000015,21.18590637,789.0500126,14.05000011,12.00833356,0.442027452,12.79166683,178.599997,135.6299968,9.415339993,158.0199967,1451.900017,723.6000252,159.7608931,1079.550023,4.258333405,0.74166658,0.811820937,2.145833399,10.49166683,7.433333397,0.723264619,8.48333345,16.76666693,13.47500014,0.700878995,14.9416669,9.941666861,8.39166684,0.345078402,9.170833518,119.3000023,100.7000021,4.140940827,110.0500022,155.0499964,111.6999984,10.81774254,132.8199973
Heishiding,21.29642891,17.26583363,25.37630993,866.1785861,1723.257171,1.819714247,164.122139,955.7000122,769.100008,35.08630671,870.0000296,9.183333516,7.000000119,0.423935837,8.054166814,7.340000033,0,1.776943264,1.319999963,2187.900028,1167.80001,256.3043046,1748.40002,18.24166687,16.30833395,0.427676157,17.23750021,22.16666706,20.49166727,0.37266333,21.30000015,26.2916673,24.38333368,0.430893916,25.38333364,22.38333416,19.6000005,0.585862992,21.21250045,268.6000099,235.200006,7.030355905,254.5500054,196.1299934,132.2299979,14.95435519,161.6999965
Hong_Kong,22.90523843,19.58011939,26.28035754,806.958586,2264.297179,0.035571428,164.859282,896.400013,678.3000202,39.73034345,805.1500187,7.800000191,5.983333429,0.383144189,6.654166758,1.110000014,0,0.146630125,0,3187.40006,983.4000189,430.0529077,2313.800052,20.72500038,18.81666724,0.461713048,19.50833376,24.03333378,22.07500029,0.400443049,22.8708336,27.45833365,25.258334,0.425545576,26.28333394,23.75000056,21.02500017,0.568840228,22.59583378,285.0000067,252.3000021,6.826082731,271.1500053,215.7299967,122.5899975,21.93550834,165.5249973
Huai_Kha_Khaeng,25.11309558,19.08678607,31.18892908,688.8800118,1427.567166,0,148.0114254,782.5000191,620.5000067,33.71829037,687.2500095,12.80000015,11.25833344,0.371085836,12.1000001,0,0,0,0,2000.800069,1041.10001,197.4991608,1444.750007,20.10000022,17.8750004,0.470884365,19.10416702,26.13333368,24.20833381,0.419587769,25.07500052,32.35000038,30.25000064,0.443570373,31.16666738,26.64166673,23.28333378,0.736896578,25.10416706,319.7000008,279.4000053,8.842758932,301.2500048,178.439999,120.6299959,10.8959891,148.5899975
Ilha_do_Cardoso,20.84190516,16.79833364,24.95416704,780.1957234,2117.667179,0,227.0772806,805.0000153,750.9000206,9.579982734,780.2000008,9.375000079,7.383333445,0.442826962,8.075000087,0,0,0,0,3056.400043,1450.90003,306.1667626,2076.450047,18.36666687,15.15833346,0.688041418,16.85416687,22.35833359,19.69166668,0.5996644,20.79583387,26.44166692,23.56666692,0.600447275,24.92916703,22.28333362,18.49166687,0.789265088,20.41250054,267.4000034,221.9000025,9.471181053,244.9500065,268.6999951,187.0599957,17.58943962,226.8149934
Indian_Cave,11.55761924,5.148571516,17.99476221,699.4500092,804.8128718,132.0382829,100.1109978,754.4000053,632.200016,28.41877236,697.9500141,14.75000016,11.06666704,0.728491088,12.78750014,150.8499956,106.4399965,10.92175723,133.9099975,1282.500034,429.3000128,159.967113,792.9000154,6.975000123,3.341666718,0.806786054,5.095833523,13.76666686,9.725000267,0.826382536,11.5500002,20.95000021,15.92500004,0.99257631,17.98333379,12.64166685,9.708333492,0.54356002,10.97916687,151.7000022,116.5000019,6.522720243,131.7500024,119.1699987,78.93999815,9.939232753,100.5699979
Ituri_(Edoro_and_Lenda),23.87023849,18.16285753,29.62892896,834.8428745,1413.885736,0,161.1535679,897.3000107,776.3000069,20.75571336,836.6000175,11.93333348,11.05833348,0.165036249,11.45000017,0,0,0,0,1715.100067,1135.800028,116.8387813,1412,19.71666686,17.30000051,0.515944788,18.1000003,25.29166698,23.08333397,0.496249159,23.76666713,30.95000045,28.89166705,0.491644624,29.52500041,23.23333375,21.13333368,0.455425639,22.03333346,278.800005,253.6000042,5.465107672,264.4000015,178.3199949,145.7699976,6.831309542,161.0999956
Jianfengling,24.5638099,21.14654799,28.03071468,826.301445,2134.808607,0,112.8105689,925.0000191,715.8000202,33.41878944,828.750021,8.208333611,5.958333453,0.426809294,6.883333405,0,0,0,0,3035.500057,1261.800028,392.7789202,2129.550039,22.21666702,20.36666719,0.455449861,21.0625002,25.60833359,23.79166706,0.374778235,24.57500045,29.06666724,26.78333378,0.405071908,28.02083373,25.26666657,22.23333367,0.579681702,24.01666713,303.1999989,266.800004,6.956180427,288.2000055,136.2799964,86.81999891,11.66815711,112.7099973
Kenting,23.42738135,20.04428604,26.86011944,809.8400159,2257.172898,0,185.8278533,879.0000191,711.7000084,27.63033747,809.5500221,7.39166681,6.225000064,0.26379474,6.862500072,0,0,0,0,3614.500069,1324.200008,382.0056865,2205.450029,21.18333356,19.20000052,0.421597719,19.9958336,24.25833384,22.5333337,0.373910505,23.40833362,27.75833384,25.90000025,0.373950243,26.85833359,24.82500029,22.7166671,0.450130936,23.71666702,297.9000034,272.6000051,5.401571237,284.6000042,227.7799969,133.9199982,16.01288909,184.9549966
Khao_Chong,26.94523848,22.28047656,31.65928624,850.2228721,2243.281463,0,177.5642819,906.8000259,797.1000214,23.82498477,852.6000137,9.958333492,8.78333346,0.289245256,9.404166818,0,0,0,0,2978.300026,1683.400056,270.4481425,2234.950032,23.45833381,21.34166702,0.499607109,22.19583368,27.86666711,26.13333384,0.420914505,26.86666695,32.57500076,30.80833371,0.383074766,31.6250004,30.27500025,27.07500013,0.80706168,28.85416698,363.3000031,324.9000015,9.684740162,346.2500038,194.6899962,148.5599972,9.695855787,178.6249949
Korup,25.53011945,21.08309562,30.01726232,998.2428764,2508.590038,0,180.9979964,1037.300018,957.0000153,13.9195371,999.1000214,9.4083335,8.28333354,0.210212063,8.9083335,0,0,0,0,3163.30007,2016.400056,252.8439259,2493.900022,21.66666683,20.48333391,0.275707155,21.07083376,26.07500045,24.88333384,0.262145752,25.508334,30.59166733,29.05000035,0.286699677,30.04583383,27.95833381,26.32500045,0.38355877,26.99583371,335.5000057,315.9000053,4.602705238,323.9500046,200.2799947,162.5199998,8.034133251,180.3399963
Kuala_Belalong,26.56904799,22.44142895,30.74797657,821.3171592,3803.327207,0,233.8201374,884.4000092,748.1000175,26.83781119,823.9500122,8.78333358,7.89166673,0.208146756,8.316666762,0,0,0,0,4771.000122,2777.40004,486.7440491,3774.350067,23.31666708,21.74166695,0.341420547,22.48750043,27.41666714,25.97500054,0.314984529,26.61666671,31.55000035,30.01666705,0.318916615,30.7500004,30.62500032,28.35000006,0.479248184,29.53750038,367.5000038,340.2000008,5.750978209,354.4500046,262.109993,202.7799931,14.94699128,235.3649936
La_Planada,16.22250035,11.21071448,21.28392895,963.47716,1636.061456,0.007714285,173.6357102,1025.600014,843.5000153,36.17585482,966.450016,11.46666678,8.975000223,0.653420473,9.933333556,0.329999987,0,0.040866392,0,2081.499988,1326.200019,199.6661455,1591.500038,12.45833349,10.04166675,0.573213009,11.22500018,17.15833386,15.41666706,0.409302968,16.20416705,22.29166698,20.23333375,0.468700955,21.23333375,16.15833354,14.02500017,0.529238791,15.00416688,193.9000025,168.3000021,6.350865496,180.0500026,197.6199965,155.8599963,10.02236197,171.9149949
Lambir,26.31321465,22.38130995,30.29750037,843.9914466,3119.858626,0,239.1385664,904.1000137,767.4000244,25.00193521,845.9000225,8.383333524,7.475000143,0.202802871,7.920833449,0,0,0,0,4001.000031,2388.400051,381.5194209,3100.60006,23.25000032,21.70000029,0.331068497,22.43333387,27.15000025,25.70000013,0.314390803,26.35000006,31.10000022,29.56666708,0.332012319,30.30833356,30.90833362,28.52500057,0.495069289,29.77500033,370.9000034,342.3000069,5.940831463,357.300004,271.6799946,206.7499943,14.43010616,239.2499971
Laupahoehoe,18.70357179,14.76142883,22.69547659,826.404297,2051.991464,0,244.9674233,864.3000145,819.1000099,13.73452951,819.1000099,8.758333604,7.158333302,0.334255219,7.95416673,0,0,0,0,3006.300018,1146.000015,411.4543184,2061.850023,15.83333373,13.40000017,0.547520738,14.84583366,19.77500025,17.27500041,0.48823431,18.75416724,23.78333362,21.20833349,0.482811828,22.67500043,18.65000041,15.29166691,0.743680353,17.42083359,223.800005,183.5000029,8.924164236,209.0500031,283.7499943,195.4399943,18.99703178,246.9249945
Lienhuachih,16.40761934,13.11833356,19.7451194,848.0128733,2006.798605,4.143142757,196.9804242,912.700016,711.200016,33.13421572,851.0000172,7.258333365,6.050000072,0.23539844,6.645833453,17.31000006,0.069999998,2.867968256,3.759999923,2581.700001,1227.600042,297.4115364,1996.350021,14.34166686,12.10833347,0.483005474,13.0875001,17.52500049,15.46666702,0.433281629,16.36666711,20.75833368,18.76666705,0.414437272,19.65416706,17.41666691,15.00833368,0.483678817,16.13750021,209.0000029,180.1000042,5.804145806,193.6500025,236.9999924,150.3799977,17.38121806,198.3299949
Lilly_Dickey_Woods,11.67523831,5.727023908,17.65559554,784.7414423,1096.812878,121.0394262,128.4195687,851.6000252,690.900013,35.61034318,783.650013,13.73333351,10.82500029,0.642835799,11.81666684,141.2399969,96.47999831,11.06171676,121.9999958,1503.700031,773.1000109,163.4684211,1098.150019,7.616666724,3.708333383,0.859088065,5.662500173,13.41666704,10.35000013,0.758892535,11.5291669,19.56666684,16.14166708,0.788860045,17.47916695,13.05833352,10.44166704,0.504618144,11.65000021,156.7000022,125.3000045,6.055417726,139.8000026,153.6399946,107.019999,8.231112259,127.7049968
Luquillo,25.60940514,22.42880992,28.84119086,716.5600116,2332.051468,0,214.6118523,780.3000031,662.6000137,22.39739443,717.2500019,7.000000119,5.683333516,0.262952483,6.458333453,0,0,0,0,3400.700077,1573.000034,425.2291173,2249.250034,23.35833375,21.63333368,0.45471825,22.3833336,26.40833362,24.48333375,0.476397236,25.63750037,29.66666714,27.35833375,0.532628769,28.92083367,29.65833362,27.07500029,0.697207053,28.41250038,355.9000034,324.9000034,8.366484633,340.9500046,252.359993,182.1599998,16.82679698,214.259995
Manaus,27.28119085,23.07916703,31.53059576,978.9728755,2122.794321,0,241.1169954,1018.300018,934.400013,15.07413644,980.3000202,9.433333556,7.483333429,0.449948514,8.450000147,0,0,0,0,2974.600056,1618.000051,244.7581641,2098.900033,24.5250001,22.22500022,0.547762527,23.05833387,28.55833403,26.47500054,0.468826295,27.20833389,32.62500048,30.508334,0.494170367,31.51666705,32.24166679,28.45000045,0.901850483,30.17083375,386.9000015,341.4000053,10.8222058,362.050005,280.0499935,188.3499979,16.5469407,240.8399947
Michigan_Big_Woods,9.721428729,4.467738183,15.0046431,799.8871568,849.012871,134.6457116,136.3337113,858.4000244,723.7000122,27.23781427,801.2500153,11.70000021,9.558333476,0.427278328,10.51666689,151.0699972,110.849999,9.686679277,135.9299966,1120.300026,513.0000105,120.5278078,850.9500179,6.44166662,2.84999999,0.811916754,4.241666744,11.72500004,8.366666834,0.754681558,9.59583353,17.19166714,13.62500016,0.757593962,14.85000026,10.89166669,8.866666834,0.459731731,9.800000101,130.7000003,106.400002,5.516780777,117.6000012,164.4199972,99.96999693,11.55119405,136.5849972
Mo_Singto,27.3085718,22.2345242,32.43619106,730.7600133,1701.938598,0,135.2879969,796.8000183,649.5000153,30.45081289,736.6000156,10.86666675,9.575000127,0.32253525,10.16250014,0,0,0,0,2228.300053,1061.000024,240.1068831,1696.650023,23.30833387,21.07500013,0.487635585,22.17083367,28.32500013,26.42500067,0.428484529,27.30000035,33.51666737,31.58333397,0.426006228,32.46666741,28.68333356,25.36666711,0.780271694,27.18750056,344.2000027,304.4000053,9.363260333,326.2500067,158.4899969,102.499998,9.890722354,136.3799964
Mpala,17.33178609,9.759047803,24.95488133,830.4871588,829.0543006,2.662285648,150.0765683,907.4000244,743.8000069,31.37718414,836.2500057,15.8416671,14.45000021,0.225942974,15.20000025,7.329999801,0.279999988,1.430032064,2.374999957,1244.100025,459.1000009,163.3356951,811.6500053,10.87500024,8.725000223,0.430784358,9.758333464,18.19166676,16.20833373,0.415157403,17.32500041,25.94166708,23.74166679,0.428713524,24.92916711,13.80833364,11.36666687,0.437594934,12.77916694,165.7000036,136.4000025,5.251139203,153.3500032,194.4599962,105.5299983,17.0715057,148.9749979
Mudumalai,24.03130993,18.88511944,29.21452426,608.6400105,1107.565734,0,59.25285591,674.0000153,565.9000072,19.06965563,603.0500116,11.18333356,9.316666842,0.363517805,10.26666677,0,0,0,0,1628.6,686.6000171,186.3212288,1105.400009,19.73333375,17.97500046,0.433177457,18.83750033,24.85833375,23.15000041,0.434885356,24.10000038,30.21666733,28.0333341,0.50200223,29.33333357,22.98333359,20.28333378,0.683950177,21.63333352,275.8000031,243.4000053,8.207402128,259.6000023,73.29999774,45.55999899,5.609658689,59.53499919
Nanjenshan,23.23404801,19.25119082,27.26535751,804.5814432,2197.662895,0,150.8319965,871.700016,696.5000076,28.97318939,806.900013,8.425000111,7.466666698,0.231833302,8.054166834,0,0,0,0,3211.599991,1164.900024,359.349819,2209.000057,20.30833356,18.40000033,0.423889783,19.2250003,24.09166686,22.32500037,0.384124772,23.20000037,28.05000019,26.2750001,0.377581376,27.24166703,23.52500057,21.39166705,0.461698088,22.45000045,282.3000069,256.7000046,5.540377052,269.4000053,177.5599971,125.7599969,11.33713911,151.4899974
Ngel_Nyaki,23.91226229,18.2333337,29.64154804,828.7471554,1600.100026,0,132.2498542,873.9000053,795.8000107,15.72156074,828.8000107,12.11666679,10.30000023,0.364846417,11.49166683,0,0,0,0,2051.600045,1232.100003,133.0036396,1596.150034,19.11666711,17.39166697,0.379265858,18.19166708,24.54166714,23.26666705,0.285237006,23.92916711,30.28333378,28.73333375,0.297193967,29.65000073,19.941667,18.42500027,0.314125436,19.19583364,239.300004,221.1000032,3.769505233,230.3500037,152.2699958,114.7199984,7.398773958,131.9299969
Niobara,8.29630965,0.828571447,15.78809549,682.3985812,519.9585805,177.2721396,89.44785507,758.900013,618.7000084,28.46775808,678.5000134,16.57500045,13.39166689,0.677109192,14.97916702,189.2199962,159.3799994,7.134974468,178.8999966,746.7000098,348.6000004,83.96092902,520.0000074,2.458333323,-1.133333445,0.723855342,0.829166671,10.56666682,6.61666685,0.746274499,8.216666866,18.87500044,13.63333355,0.907972162,15.72916693,9.541666726,7.225000203,0.505080077,8.158333381,114.5000007,86.70000243,6.060960927,97.90000057,111.2999973,68.01999867,8.294481083,89.66499757
Nonggang,22.39380989,18.44130984,26.39702427,876.5385894,1338.37288,0.266999995,154.3987111,952.9000168,818.8000183,27.82963412,877.8000183,8.933333596,6.775000115,0.413671722,7.950000068,3.059999943,0,0.57204527,0.005,1686.200014,1038.700037,157.3569234,1336.150019,19.49166703,17.4416666,0.474300163,18.38750021,23.39166713,21.66666722,0.390220319,22.37083379,27.47500054,25.57500029,0.406524006,26.37083371,22.3416671,19.92500011,0.518832939,21.44583356,268.1000051,239.1000013,6.225995264,257.3500028,179.6899996,122.639997,13.93444696,155.2849958
Ordway-Swisher,21.124167,15.22261931,27.07726234,694.7842947,1333.277169,5.493142724,114.7448548,741.6000137,650.900013,19.55129825,691.1500015,12.94166684,10.58333341,0.516704914,11.81666684,23.10999966,0,4.815436887,3.914999947,1808.300034,915.8000183,189.1561596,1341.400033,16.86666707,13.82500015,0.676801227,15.1333336,22.60000054,20.11666703,0.580408726,21.08750049,28.45833381,25.69166692,0.591053004,27.12083395,21.31666652,18.60000014,0.560776343,19.72916714,255.7999983,223.2000017,6.729316114,236.7500057,136.3999982,96.90999724,8.721378174,115.4049958
Palamanui,17.46321467,13.52142877,21.45428607,819.4843027,1595.088597,0.002428571,245.1598517,862.200016,811.6000175,14.94218378,811.6000175,8.750000119,7.116666675,0.33443927,7.958333453,0.170000002,0,0.020318887,0,2405.10006,907.0000086,338.9060783,1606.700026,14.59166702,12.11666687,0.548815849,13.60416691,18.54166722,16.04166691,0.486898627,17.50833356,22.56666724,19.97500022,0.481323401,21.4375004,17.49166711,14.13333368,0.743308718,16.28333358,209.9000053,169.6000042,8.919704619,195.400003,286.2499952,196.5199938,18.99802312,247.0849948
Palanan,25.02238135,20.29785753,29.79428616,783.7228718,2615.314325,0,185.3698528,833.4000092,744.5000076,18.93164707,781.9500179,10.43333364,8.200000008,0.466031267,9.541666845,0,0,0,0,3755.700069,1850.000023,417.5701749,2584.350063,21.76666721,19.53333346,0.476297462,20.18333356,25.84166702,24.383334,0.32945674,25.01250045,30.68333387,29.05833356,0.311725859,29.78333402,27.75000032,24.81666708,0.643704249,25.82500013,333.0000038,297.800005,7.724450983,309.9000015,250.0499945,144.7399969,19.55789925,184.869997
Pasoh,25.90750038,21.63083372,30.23202421,879.3128751,1937.857177,0,226.050138,935.0000229,793.400013,25.00974917,878.4500179,9.075000207,7.850000143,0.304029868,8.675000211,0,0,0,0,2457.000031,1392.100016,210.0481812,1982.700045,22.91666683,20.71666733,0.598643698,21.4083337,26.93333387,25.10833343,0.493400775,25.80833371,31.25833384,29.51666689,0.41834122,30.22500046,29.80833371,27.13333368,0.747288074,28.3458337,357.7000046,325.6000042,8.967456887,340.1500044,253.2999954,199.1799955,13.61950197,225.2499957
Rabi,26.09892896,22.72392895,29.50726227,1082.482876,1962.825746,0,136.3159969,1114.900017,1041.300018,11.20232897,1082.800022,6.783333381,6.783333381,0,6.783333381,0,0,0,0,2463.400078,1306.000029,242.6727507,1992.500018,23.34166702,21.80833356,0.298395238,22.72500046,26.71666718,25.18333356,0.298395202,26.10000038,30.12500048,28.59166733,0.298395198,29.50833384,28.66666698,26.64166721,0.441563622,27.77083357,344.0000038,319.7000065,5.29876346,333.2500029,156.0499961,110.1299972,9.983203561,136.9549981
San_Lorenzo,26.17607183,22.96178609,29.44583373,683.6785825,2896.347193,0,198.4735669,812.5000191,554,31.88248486,686.7000179,7.475000143,5.425000072,0.459892487,6.416666746,0,0,0,0,3073.700081,2755.100058,65.93945409,2894.800023,23.98333375,22.09166718,0.461004522,22.96666694,26.88333368,25.25833384,0.350783909,26.20000045,30.34166718,28.30000035,0.376762526,29.44166716,29.61666711,27.50833384,0.586290232,28.65833386,355.4000053,330.1000061,7.035482783,343.9000063,202.949997,193.7999964,1.887983348,198.3749955
Santa_Cruz,14.30583359,9.620000151,19.0396432,567.2385803,641.3985816,14.31985677,61.3342842,655.1000214,476.5000095,34.48036512,565.4000087,10.90000017,8.066666762,0.582544397,9.425000211,26.28999952,1.309999943,6.446730616,14.14999962,1326.400002,161.800004,205.4651774,613.5000204,11.88333337,8.049999992,0.758172606,9.541666875,16.52500025,13.11666687,0.651755581,14.20000035,21.20833397,17.57500045,0.665160519,18.89166681,13.33333349,11.15000025,0.462556452,11.95000029,160.0000019,133.8000031,5.550677418,143.4000034,91.57999823,34.92999949,9.221048246,60.45499808
Scotty_Creek,-3.072261975,-8.75678586,2.61333337,731.7885827,373.3100065,233.2081411,114.7749975,770.2000084,681.8000069,18.03491468,733.0000114,12.15000025,10.51666681,0.373825928,11.34583356,250.6499987,215.7299992,7.962849295,231.219997,562.2000103,228.2000012,56.49331255,373.2500086,-6.358333449,-10.99166687,1.148322221,-8.787500143,-0.824999992,-5.200000048,1.099319764,-3.016666785,4.800000151,0.483333364,1.081072926,2.599999939,5.833333313,4.650000041,0.261901436,5.195833442,69.99999976,55.80000049,3.142817229,62.35000131,139.4099963,94.34999705,8.767771384,113.5699973
Sinharaja,26.69190513,23.35178614,30.0807147,770.9700146,2695.384325,0,123.2589972,804.1000214,725.2000198,13.02495162,769.1000099,7.008333484,6.375000079,0.12378005,6.708333532,0,0,0,0,4170.600067,1919.700019,451.5900927,2626.800043,24.21666702,22.63333384,0.407799103,23.32083384,27.55000035,25.91666698,0.417342359,26.66666706,30.98333391,29.19166692,0.432860565,30.07500045,29.05833371,26.60000022,0.633052941,27.73750035,348.7000046,319.2000027,7.596635289,332.8500042,161.1299989,89.07999848,13.51624658,124.289997
Smithsonian_Conservation_Biology_Institute,12.86583355,6.202142957,19.56547646,788.5857283,1017.505731,110.8032837,132.5782827,858.6000214,728.6000137,30.49461155,779.7000065,14.59166678,12.14166697,0.553623321,13.27083349,128.3099966,90.23999918,9.295143828,112.2299972,1545.200031,762.7000153,162.9838658,989.550015,7.600000175,4.824999978,0.682339465,6.14166674,14.3083336,11.75833339,0.621869235,12.85416689,21.25000024,18.29166683,0.675990508,19.56666692,13.07500037,10.69166684,0.422436945,11.90000011,156.9000044,128.3000021,5.069243338,142.8000013,165.3299952,111.3399963,10.27130386,131.484997
Smithsonian_Environmental_Research_Center,13.95547642,8.781071587,19.17047653,738.7342957,1126.091449,84.02756972,118.5445687,797.6000214,680.3000069,27.59404671,731.4500122,11.34166686,9.475000064,0.451887336,10.41250018,102.5699999,58.97999752,9.739189245,84.72499681,1671.000061,800.700017,177.5467031,1100.850023,10.40833351,7.366666834,0.68415311,8.700000083,15.45000013,12.70000021,0.62927746,13.88333351,20.70000045,17.69166688,0.654268282,19.11250031,13.26666677,11.32500037,0.38640744,12.29166687,159.2000012,135.9000044,4.636889283,147.5000024,144.659997,101.0899968,9.160978326,117.2049971
Speulderbos,9.707500184,5.671547714,13.78559549,930.3757315,781.4057278,83.57999813,187.1087102,1011.300011,803.8000145,41.58489659,932.4500103,9.300000151,7.541666786,0.344716369,8.100000103,116.3199963,46.50999852,15.92152053,84.28499837,1029.000018,529.0000067,109.3318845,797.6000214,7.416666786,3.700000092,0.795974801,5.662500038,11.51666693,7.783333567,0.845963663,9.700000172,15.77500021,11.87500012,0.932955753,13.82083348,11.16666675,9.441666802,0.368231835,10.31666684,134.000001,113.3000016,4.418782021,123.8000021,218.4299917,148.9399939,16.26930873,189.9449973
Tiantongshan,16.71642886,13.36547641,20.11428604,814.7971583,1434.68717,30.41685649,171.4017103,905.5000153,722.3000145,30.86045387,812.1000175,7.366666834,6.125000119,0.317345994,6.733333349,49.31999922,15.6499995,7.079065867,30.48499933,1816.400051,845.5000248,196.0723407,1443.150014,14.73333345,12.40833358,0.5087683,13.33750033,17.80000019,15.84166682,0.472809346,16.68333379,21.11666695,19.22500042,0.490733653,20.09583364,18.32500029,16.14166701,0.457315929,17.10833365,219.9000034,193.7000041,5.487791146,205.3000038,197.0399985,135.7399974,12.25543451,171.3649962
Traunstein,5.787976288,1.807261932,9.789881131,778.8271563,1402.701452,157.8542825,193.4509953,880.2000122,659.1000099,44.70329075,776.1000195,9.116666794,7.333333413,0.340222225,7.962500115,181.7599972,126.439998,11.60239977,158.5549967,1744.900021,959.1000109,156.5687225,1398.500034,3.350000074,0.175000002,0.743859628,1.841666638,7.408333588,4.116666796,0.81192507,5.791666748,11.61666681,8.100000083,0.909168828,9.73333354,8.416666786,7.375000258,0.198683697,7.808333546,101.0000014,88.5000031,2.384204365,93.70000255,213.9299951,163.3899991,11.49432787,193.944994
Tyson_Research_Center,13.20511929,7.580595378,18.86642886,729.5200095,955.6757304,104.0772841,113.0119973,783.6000099,640.9000072,30.62994493,734.0000095,13.03333354,10.05833348,0.584881905,11.11250009,123.8399992,79.66999817,11.31160307,104.4249968,1384.000023,587.2000103,176.3737071,926.9000173,9.524999986,6.000000035,0.808531549,7.483333445,15.20000023,11.70833341,0.798498129,13.05833364,21.33333357,17.40833344,0.891220161,18.78750028,14.04166683,11.04166694,0.505754805,12.35416687,168.5000019,132.5000033,6.069057663,148.2500024,137.1999974,88.18999815,10.18021525,114.1949987
"University_of_Maryland,_Baltimore_County",12.86083355,7.168809662,18.58904792,742.6700117,1103.372877,102.4434268,121.8612829,803.6000099,682.400013,26.73557398,735.8000069,12.37500016,10.43333356,0.466638578,11.3791669,118.2999964,78.90999921,9.358489053,103.1299997,1640.40004,758.0000114,179.7640733,1072.700018,8.78333359,5.699999978,0.674918287,7.116666717,14.35833369,11.57500037,0.638424046,12.77916701,20.39166721,17.06666696,0.683724349,18.52500043,12.68333348,10.80000007,0.386878634,11.7583336,152.2000017,129.6000009,4.64254361,141.1000032,147.3699961,105.0199981,9.116669077,121.1199985
Utah_Forest_Dynamics_Plot,8.030595382,-0.401547622,16.48619073,582.590009,335.731435,197.0785672,70.41028418,656.2000008,504.3000107,30.27095068,579.2500086,18.32500045,15.2833337,0.605620963,16.85416691,224.2499949,175.2799947,10.13738638,197.2549949,511.5000076,164.9000045,75.07248898,326.0500066,0.991666635,-2.150000046,0.724242762,-0.450000006,9.558333568,6.491666816,0.696479715,7.987500106,18.1583335,14.70000017,0.795013759,16.45000038,5.458333313,4.024999996,0.38950328,4.533333401,65.49999976,48.29999995,4.674039358,54.40000081,95.0299995,46.77999858,10.05504447,70.86999822
Wabikon,3.957976278,-2.418452418,10.34119066,807.9743004,792.5685835,199.7408543,137.1222825,862.7000046,753.8000183,26.24978592,801.2000103,14.34166702,11.80000019,0.509727611,12.75416696,219.0999977,181.4899957,8.796504629,199.4299971,1138.30002,495.6000051,118.2905809,781.4000194,-0.116666719,-4.333333306,0.948072981,-2.604166791,6.300000072,2.341666713,0.855937914,3.804166848,12.70833359,8.741666804,0.834197494,10.39583354,8.983333429,6.850000093,0.44159113,7.758333445,107.8000011,82.20000112,5.299093565,93.10000134,157.4199963,116.7599964,7.94790076,136.7349961
Wanang,26.31369082,21.74702414,30.92607184,890.7871591,3394.624327,0,227.5349947,932.9000168,811.4000168,22.00831076,893.6000175,9.433333556,8.7833335,0.155402845,9.225000223,0,0,0,0,4094.900078,2524.200115,238.4837477,3407,22.20000029,21.28333346,0.16577075,21.72500022,26.77500057,25.71666686,0.186776172,26.31666692,31.42500035,30.22500022,0.234164012,30.95000045,28.44166724,26.96666702,0.286270961,27.69166708,341.3000069,323.6000042,3.435251536,332.300005,249.3199987,192.7099962,9.440295854,228.4999943
Wind_River,8.332500133,2.700595294,13.99523832,844.95573,1905.080028,144.1834259,126.6257118,892.900013,783.7000198,21.43227742,846.3000126,12.41666687,10.38333364,0.409178441,11.19166688,169.8799978,110.8599984,11.41431952,145.2849987,3068.000002,1281.10004,342.0301539,1869.450022,4.175000049,1.108333369,0.617461509,2.708333366,10.08333343,6.883333394,0.627102197,8.241666724,16.03333362,12.18333354,0.700903175,13.90833369,9.216666698,6.89166673,0.458600929,8.216666778,110.6000004,82.70000076,5.503211144,98.60000134,150.0399988,98.93999707,10.77938328,126.2149964
Wytham_Woods,9.98309541,6.103571526,13.90928595,920.8343037,676.8414407,70.57585552,158.1155678,1007.000008,841.0000153,29.29083102,923.2500114,8.691666762,6.908333421,0.366339197,7.775000155,95.90000039,43.89999932,12.72905252,68.69999839,898.2000141,476.3000145,93.67102447,665.1000085,7.333333333,4.900000162,0.613101017,6.070833343,11.25833344,8.541666764,0.619412171,9.987500211,15.22500034,12.2083335,0.679769412,13.92916691,10.96666682,9.466666857,0.332209963,10.36666685,131.6000018,113.6000023,3.986519552,124.4000022,191.6199975,126.1999979,17.3945081,157.6649964
Xishuangbanna,20.90297653,15.58595267,26.26952414,751.801442,1400.274309,0.54385713,193.397853,821.200016,649.6000099,28.8307787,755.5000124,12.22500022,9.541666865,0.599133794,10.65416688,4.359999813,0,0.927737279,0.129999997,1645.999999,866.700016,143.9154225,1432.850009,16.52500025,14.42500015,0.577018193,15.60416694,21.93333356,20.02500073,0.434604328,20.83750041,27.50000048,25.25000032,0.472915573,26.20416689,19.8416671,18.51666697,0.319547582,19.20833365,238.1000051,222.2000036,3.834570986,230.5000038,226.5599966,144.7999961,17.92754788,194.1249946
Yasuni,26.04785752,20.24202419,31.90488153,981.5214458,3332.6672,0,256.8577084,1051.800018,870.5000343,37.78434636,983.5000114,12.62500024,10.88333344,0.471984208,11.5583336,0,0,0,0,4200.90004,2835.100082,297.1241235,3320.350052,21.35000054,19.15833362,0.477375476,20.2250003,26.92500035,25.21666702,0.369305081,26.05833364,32.85000054,30.90833378,0.397267033,31.90416702,26.95833365,24.97500022,0.44490352,25.84583362,323.5000038,299.7000027,5.338842236,310.1500034,286.9599953,239.3499937,10.55508517,257.8699951
Yosemite_National_Park,10.29821449,1.502976222,19.12095268,563.1814373,998.3928732,167.3269969,56.60385583,650.4000092,477.4000092,39.2481025,554.7000055,19.39166697,15.85833367,0.757066102,17.61250047,195.5599948,127.4900001,13.89877525,169.5749977,1930.000019,318.3000064,289.8697604,959.7500176,3.816666722,-0.258333286,0.82875074,1.400000062,12.43333356,9.066666899,0.657302718,10.31666682,21.08333349,17.3750002,0.682964628,19.06250032,7.76666681,5.850000143,0.429751444,6.608333468,93.20000172,70.20000172,5.157017323,79.30000162,90.58999718,33.68999995,10.13146229,54.86499896
Zofin,8.319881107,4.014404818,12.65880976,802.9557298,730.8242999,125.8934262,167.5265676,892.3000183,689.3000031,41.93363464,804.9500084,9.825000127,7.883333524,0.367926447,8.620833457,148.1299972,91.0299989,11.40656925,126.739998,904.2000141,555.8000126,83.56757522,726.0500193,5.766666795,2.450000018,0.767371215,3.962500056,10.1416668,6.716666865,0.832248441,8.337500185,14.79166721,11.00000032,0.933692235,12.60000024,9.866666794,8.466666718,0.285042567,9.000000139,118.4000015,101.6000006,3.420510801,108.0000017,185.8399958,138.0299969,10.59573302,167.8049946
