sites.sitename,tmp_mean,tmn.x_mean,tmx_mean,cld_mean,pre_sum,pre_mean,wet_sum,frs_sum,pet_sum_sum,cld_min,cld_max,cld_median,cld_sd,dtr_min,dtr_max,dtr_median,dtr_sd,frs_min,frs_max,frs_median,frs_sd,pre_min,pre_max,pre_median,pre_sd,tmn.x_min,tmn.x_max,tmn.x_median,tmn.x_sd,tmp_min,tmp_max,tmp_median,tmp_sd,tmn.y_min,tmn.y_max,tmn.y_median,tmn.y_sd,tmx_min,tmx_max,tmx_median,tmx_sd,vap_min,vap_max,vap_median,vap_sd,wet_min,wet_max,wet_median,wet_sd
Amacayacu,25.88476228,21.1097623,30.73654802,81.4871444,189442.6031,2706.322902,18989.47961,0,69217.70133,57.70000076,100,82.80000305,7.332501556,8.800000191,10.5,9.5,0.551352527,0,0,0,0,1.100000024,522.4000244,222.1500015,91.8489801,18.89999962,22.89999962,21.20000076,0.637785188,23.80000114,27.80000114,25.89999962,0.593333002,18.89999962,22.89999962,21.20000076,0.637785188,28.80000114,33.10000229,30.70000076,0.66248713,26.10000038,33.40000153,29.89999962,1.052961548,0.109999999,31,22.79999924,4.765951427
Badagongshan,14.83880977,11.03095257,18.69678602,73.6491681,90527.90156,1293.255737,12862.2197,3641.279925,58379.20102,37.90000153,95,74.40000153,9.443352331,3.700000048,11.40000057,7.700000286,1.321875784,0,24.36999893,0,6.626112722,1.700000048,375.3999939,95.30000305,71.46068966,-3.200000048,23,11.19999981,7.697792892,-0.400000006,27.30000114,15.5,7.894704581,-3.200000048,23,11.19999981,7.697792892,1.800000072,32.29999924,19.44999981,8.143871885,2.700000048,28.89999962,13.25,7.494777614,2.069999933,25.1099987,15.49999953,3.838005071
Baishanzu,14.52202406,10.51833353,18.57488126,70.76059651,114513.3021,1635.904315,13909.10969,3399.789934,60850.00096,26.10000038,97.30000305,71.5,12.27634277,3.900000095,13.19999981,7.900000095,1.3774031,0,25.87999916,0,6.181876392,0.400000006,514.7999878,120.1500015,92.12822764,-4.599999905,21.10000038,10.80000019,6.928554099,1.200000048,25.80000114,15.1500001,6.797337323,-4.599999905,21.10000038,10.80000019,6.928554099,3.799999952,30.80000114,19.5,6.736202625,2.400000095,27.70000076,12.90000057,7.347550717,0.389999986,29.76999855,16.73499966,5.090985946
Baotianman,14.08880976,8.948333493,19.27047648,62.89821555,53586.20084,765.5171548,8657.209798,6070.949896,67565.50117,21.5,90.5,64.59999847,10.42032793,4.800000191,15.19999981,10.30000019,1.790161112,0,28.39999962,0.204999998,9.562119263,0,286.2000122,49.85000038,55.41782457,-7.400000095,23.30000114,9.050000191,8.832682566,-2.100000143,27.80000114,14.60000038,8.655891274,-7.400000095,23.30000114,9.050000191,8.832682566,1.200000048,33.40000153,20.10000038,8.587205961,1.899999976,27.89999962,10.80000019,7.44542091,0.039999999,22.25,10.22999954,4.205271628
Barro_Colorado_Island,26.17607183,22.96178609,29.44583373,56.97321521,202744.3035,2896.347193,13893.14968,0,93972.8017,30.20000076,99.80000305,60.65000153,10.03762835,3.900000095,9.199999809,6.450000048,0.689791259,0,0,0,0,25.80000114,619.9000244,287.7500153,147.1458908,20.60000038,25.39999962,22.89999962,0.876676589,23.89999962,28.60000038,26.10000038,0.865914642,20.60000038,25.39999962,22.89999962,0.876676589,26.70000076,32.20000076,29.39999962,0.986237504,23.30000114,33.10000229,28.89999962,1.865466842,6.309999943,25.71999931,19.0349989,6.324892214
Bidoup,22.61261944,18.33964323,26.93809562,65.9605964,128493.9,1835.627144,11689.47974,0,79727.90128,35.40000153,90.70000458,65.40000153,11.7742236,6.200000286,18.39999962,7.900000095,2.679674159,0,0,0,0,5.400000095,338,180,104.7145328,10.40000057,21.60000038,19.30000114,2.37741914,18.20000076,25.30000114,23.10000038,1.429789564,10.40000057,21.60000038,19.30000114,2.37741914,22.89999962,30.5,27.10000038,1.425220201,15.90000057,26.80000114,23.39999962,2.444001472,1.409999967,23.10000038,16.5,6.99682845
Bukit_Timah,27.09047659,23.3058337,30.9261909,74.06416819,155112.4028,2215.891468,16646.47964,0,81462.50131,38.20000076,95.59999847,74,8.204033495,5.800000191,10.40000057,7.599999905,0.526782018,0,0,0,0,5.800000191,546.9000244,175.5500031,81.20543887,21.20000076,25.70000076,23.20000076,0.758583321,25.10000038,29.30000114,27.10000038,0.733047432,21.20000076,25.70000076,23.20000076,0.758583321,28.39999962,33.10000229,31,0.801208785,26.20000076,33.29999924,29.89999962,1.087148818,2.539999962,31,19.25,4.666239631
Changbaishan,1.077023844,-5.090952456,7.249047739,53.81535805,61047.40103,872.105729,8674.999795,15244.03983,52503.50082,18.30000114,88.80000305,51.5,13.32655763,8.199999809,17.5,12.30000019,1.637816649,0,31,24.64999962,12.82622612,0.200000003,368.3000183,42.05000114,78.07875123,-29.70000076,15.40000057,-3.799999952,13.14899741,-23.70000076,20.20000076,2.950000048,12.94216861,-29.70000076,15.40000057,-3.799999952,13.14899741,-17.70000076,26.39999962,9.950000286,12.82670893,0,20.10000038,4.049999952,5.867215932,0.379999995,25.15999985,10.01999998,5.63267346
Cocoli,26.51261942,22.79797657,30.2820242,55.02631031,115900.902,1655.727171,12912.0597,0,99091.90171,30.60000038,99.5,57.25,8.274320118,4.800000191,10.69999981,7.300000191,0.950845748,0,0,0,0,9,289.3999939,163.9000015,85.6077204,20.5,25.10000038,22.80000114,0.852400765,24.30000114,28.89999962,26.5,0.851351195,20.5,25.10000038,22.80000114,0.852400765,27.60000038,33.20000076,30.20000076,1.087943868,24.5,32,28.60000038,1.514930423,4.589999676,24.79999924,18.01999951,6.563954185
Danum_Valley,25.29773849,21.47166702,29.17035754,69.33476315,187727.8032,2681.82576,16325.93963,0,78164.20118,42.5,88.90000153,70.90000153,6.885986783,4.599999905,9.800000191,7.900000095,0.874706569,0,0,0,0,20.89999962,690.7000122,211.5500031,95.23609303,20,23.10000038,21.39999962,0.535359563,23.5,27,25.30000114,0.49075566,20,23.10000038,21.39999962,0.535359563,25.80000114,31.20000076,29.20000076,0.759109845,25.70000076,31.10000038,28.30000114,0.800962423,3.7099998,31,19.08500004,4.808513702
Daxinganling,-6.167976263,-14.2430955,1.901190505,55.06500105,33114.30054,473.0614363,7185.199834,18779.40982,38218.6006,20,86.59999847,53.10000229,14.65009693,9.5,23,15.75,2.258391104,0,31,28.73499966,10.92171809,0,210,17.25,45.82520664,-43.20000076,10.19999981,-11.10000038,16.7526302,-34.5,17,-3.75,16.36475525,-43.20000076,10.19999981,-11.10000038,16.7526302,-26.60000038,25.39999962,3.950000048,16.08438738,0,16.5,2.700000048,4.906655006,0.449999988,21.65999985,7.819999695,5.474471678
Dinghushan,21.77928605,18.06880983,25.53928612,70.69333464,123888.8019,1769.840027,11310.32974,57.63999838,71917.40119,21.60000038,100,72.5,14.99788744,4,12.80000019,7.300000191,1.320954203,0,5.029999733,0,0.355432541,0.100000001,638.5,117.0500031,122.2776003,5.200000286,25.60000038,19.20000076,5.706592766,9.199999809,29.60000038,22.94999981,5.601083256,5.200000286,25.60000038,19.20000076,5.706592766,11.69999981,33.90000153,26.60000038,5.570793084,6.700000286,33.10000229,21.35000038,7.599153699,0.02,31,13.55999947,5.919126853
Doi_Inthanon,23.04083374,16.92321459,29.20857186,54.96857233,87022.8016,1243.18288,10465.00977,7.829999806,80920.00153,3,100,55.25,27.67983287,6.5,22.10000038,11.5,4.132116492,0,1.659999967,0,0.093492129,0,389.1000061,88.10000229,95.57273956,7.300000191,21.89999962,18.80000114,3.751299782,16.39999962,28.39999962,23.80000114,2.332429179,7.300000191,21.89999962,18.80000114,3.751299782,24.39999962,36.40000153,28.60000038,2.311323318,13.10000038,27.20000076,23.44999981,4.084798448,0.01,31,10.72499991,9.772899116
Donglingshan,7.562500136,1.376785748,13.76690496,44.82011975,33224.80058,474.6400083,6251.199864,11676.32982,71407.80132,5.400000095,81.5,45.79999924,14.45570091,8.5,16.5,12.40000057,1.541710206,0,31,11.55499935,13.1457075,0,243,18.80000114,48.23502671,-18.80000114,19.30000114,2.299999952,11.37683915,-12.90000057,24.5,8.850000381,11.18286684,-18.80000114,19.30000114,2.299999952,11.37683915,-7.099999905,29.70000076,15.69999981,11.07218933,0,22.5,4.900000095,6.742725385,0.01,21.06999969,6.569999695,4.690538564
Fushan,21.21738127,18.05059553,24.43333374,72.25571582,142842.7024,2040.610035,14730.53967,1.869999966,75255.50124,42.20000076,92.59999847,73.40000153,9.439865249,3.700000048,8.300000191,6.400000095,0.62806787,0,1.00999999,0,0.039003331,12.60000038,688.4000244,149.6500015,99.14975573,7.900000095,24.80000114,18.25000095,4.319567725,11.19999981,28.5,21.5,4.407097766,7.900000095,24.80000114,18.25000095,4.319567725,13.80000019,32.29999924,24.80000114,4.511242312,10.40000057,30.70000076,20.70000076,5.569615437,4.859999657,29.70999908,17.60999966,4.177192874
Gutianshan,15.8205955,11.73797641,19.94785744,66.88309648,115360.6021,1648.008602,11931.25975,3449.129929,64837.60105,26,95,67.80000305,12.12098664,3.799999952,12.19999981,8.199999809,1.180028027,0,25.03999901,0,6.475802884,0.200000003,565.4000244,116.7500038,93.2806731,-3.799999952,24.10000038,12.1500001,8.050527312,0.5,28.80000114,16.60000038,8.023188619,-3.799999952,24.10000038,12.1500001,8.050527312,3.700000048,33.60000229,21,8.045945033,3.100000143,31.39999962,14.25,8.289908342,0.170000002,27.52999878,14.34999943,4.440564839
Haliburton,4.594404836,-1.278452403,10.48071449,62.48583439,80168.90131,1145.270019,11592.54975,13152.47982,46503.80076,40.79999924,83.80000305,61.95000076,8.223983437,5.5,16.80000114,12.10000038,2.01984384,0,31,18.31999969,12.74635586,13.40000057,220.8000031,92.5,31.6647668,-24.80000114,14.5,-0.250000007,10.39087359,-18.20000076,21.20000076,5.5,10.62355574,-24.80000114,14.5,-0.250000007,10.39087359,-11.60000038,28.89999962,11.19999981,10.98210113,1.300000072,19.20000076,6.900000095,4.921193076,2.769999981,28.59000015,13.64499951,3.673040948
Harvard_Forest,8.644523958,2.228690506,15.08773834,65.84952504,77314.60126,1104.494304,9380.179799,11047.63977,62947.50113,44.79999924,81.40000153,65.90000153,5.382473063,7.800000191,17.80000114,13,1.806746067,0,31,12.18999958,12.11392304,4.900000095,272.3999939,86.09999847,40.76467845,-17,17.5,2,8.946177354,-10.30000019,23.80000114,9.100000381,9.466685675,-17,17.5,2,8.946177354,-4,31.30000114,16.05000019,10.06644234,1.200000048,21.20000076,7.5,5.597720125,4.110000134,18.34000015,11.01499987,2.284066664
Heishiding,21.29642891,17.26583363,25.37630993,72.18154884,120628.002,1723.257171,11488.54973,127.3799973,69093.80116,23.20000076,99.80000305,75.30000305,14.51083728,4.599999905,13,8,1.310090974,0,6.710000038,0,0.602921693,0.5,522.2999878,111.8500023,116.5249669,4.400000095,25,18.30000114,5.799121453,8.400000572,29.10000038,22.5,5.708268262,4.400000095,25,18.30000114,5.799121453,10.80000019,33.70000076,26.60000038,5.692200211,6.599999905,33.10000229,21.05000019,7.709924737,0.839999974,26.59999847,13.95999956,5.700637032
Hong_Kong,22.90523843,19.58011939,26.28035754,67.24654883,158500.8025,2264.297179,11540.14974,2.489999985,80472.30134,23.20000076,97.80000305,68.75000381,13.57955143,4.400000095,11.10000038,6.599999905,0.912030568,0,1.110000014,0,0.043185424,0,839.2999878,131.2000046,179.8428363,7.800000191,26.30000114,20.55000019,5.043498368,11.10000038,29.80000114,24.05000019,4.951389136,7.800000191,26.30000114,20.55000019,5.043498368,13.69999981,33.40000153,27.39999962,4.902861715,8.600000381,32.70000076,22.5,6.828785642,0,31,14.06999969,5.74994625
Huai_Kha_Khaeng,25.11309558,19.08678607,31.18892908,57.40666765,99929.70161,1427.567166,10360.79978,0,84927.60147,5.200000286,100,56.30000114,25.88042644,6.800000191,20.39999962,11.40000057,3.798499902,0,0,0,0,0,438.6000061,107.6000023,104.282933,10.30000019,23.20000076,20.60000038,3.074076266,19.39999962,30.30000114,25.39999962,1.923698254,10.30000019,23.20000076,20.60000038,3.074076266,26.30000114,38.10000229,30.35000038,2.273112689,14.90000057,31.20000076,26.80000114,3.606283206,0.01,31,11.01499987,9.50493662
Ilha_do_Cardoso,20.84190516,16.79833364,24.95416704,65.01631028,148236.7025,2117.667179,15895.40964,0,71610.00123,45.10000229,77.80000305,65.80000305,5.416364864,5.700000286,11.30000019,8.100000381,0.86456631,0,0,0,0,11.80000019,556.2999878,158.5500031,100.9661293,10.19999981,22.80000114,16.75000095,2.875779013,14.60000038,26.80000114,20.70000076,2.764577787,10.19999981,22.80000114,16.75000095,2.875779013,18.80000114,30.89999962,24.70000076,2.725963421,14.19999981,29.30000114,19.80000114,3.334530229,2.99000001,31,19.69999981,5.573297614
Indian_Cave,11.55761924,5.148571516,17.99476221,58.28750076,56336.90103,804.8128718,7007.769846,9242.679805,78920.70133,28.89999962,83,59.40000153,7.758654062,7.300000191,19.10000038,12.90000057,1.749716158,0,31,4.200000048,12.04168103,0,277.7000122,57.45000076,50.3647787,-17.30000114,22,5.599999905,10.13329408,-12.10000038,28.89999962,12.85000038,10.41032735,-17.30000114,22,5.599999905,10.13329408,-7,36.40000153,19.70000076,10.77383934,1.800000072,27,9.25,6.809935376,0.119999997,16.61999893,8.269999504,2.710591258
Ituri_(Edoro_and_Lenda),23.87023849,18.16285753,29.62892896,69.57023954,98972.0015,1413.885736,11280.74976,0,81219.30116,53.40000153,99.30000305,69.59999847,5.398949087,9.400000572,14,11.40000057,0.956879023,0,0,0,0,10.80000019,257.2000122,120.1500015,43.83298594,15.80000019,21.10000038,18,0.771884619,21.60000038,27.20000076,23.80000114,0.872446685,15.80000019,21.10000038,18,0.771884619,26.60000038,33.79999924,29.60000038,1.177747123,18.70000076,26.20000076,22.10000038,0.929779837,2.220000029,22.6099987,13.67999935,3.507096356
Jianfengling,24.5638099,21.14654799,28.03071468,68.85845375,149436.6025,2134.808607,7896.739824,0,83220.90107,30.80000114,93.80000305,69.25000381,10.50652016,4.900000095,10.40000057,6.800000191,0.841404299,0,0,0,0,1.300000072,754.2999878,146.0500031,147.8818613,11.80000019,26.30000114,22,3.558211643,15.60000038,29.60000038,25.5,3.381221363,11.80000019,26.30000114,22,3.558211643,18.30000114,32.90000153,29,3.247360289,12.60000038,30.89999962,25.20000076,4.568854817,0.089999996,24.39999962,8.854999543,4.571796604
Kenting,23.42738135,20.04428604,26.86011944,67.48666799,158002.1028,2257.172898,13007.94973,0,83345.70125,43.90000153,88,67.5,6.964118336,5.200000286,8.5,6.800000191,0.511371772,0,0,0,0,16.5,789.1000366,144.4500046,135.3093603,11.19999981,25.20000076,20.5,3.436134955,14.90000057,28.89999962,24,3.403775188,11.19999981,25.20000076,20.5,3.436134955,18.60000038,32.70000076,27.5,3.393117536,13.30000019,31.39999962,23.70000076,4.817627482,3.909999847,31,15.27499962,4.68906452
Khao_Chong,26.94523848,22.28047656,31.65928624,70.85190601,157029.7024,2243.281463,12429.49973,0,85739.10154,32.60000229,95.70000458,75.30000305,12.30026804,6.400000095,13.69999981,8.900000572,1.485007643,0,0,0,0,0.600000024,579.2000122,190.3500061,111.8122805,19.20000076,24.30000114,22.39999962,0.87324132,24.39999962,29.60000038,26.89999962,0.889872113,19.20000076,24.30000114,22.39999962,0.87324132,27.89999962,35.5,31.5,1.388067684,23.20000076,32.90000153,29,1.702646397,0.469999999,28.15999985,16.71500016,6.399250984
Korup,25.53011945,21.08309562,30.01726232,83.18690636,175601.3026,2508.590038,12669.85975,0,71569.90092,52.5,100,83.04999924,10.81662179,5.599999905,13.10000038,8.900000572,1.665927753,0,0,0,0,0,986,210.1500015,152.3971644,18.5,22.80000114,21.20000076,0.739309921,23.30000114,28.10000038,25.39999962,0.965845819,18.5,22.80000114,21.20000076,0.739309921,26.39999962,33.90000153,30.10000038,1.650073119,22.39999962,29.60000038,27.10000038,1.134029923,0,30.87999916,17.21999931,8.440123034
Kuala_Belalong,26.56904799,22.44142895,30.74797657,68.4430966,266232.9045,3803.327207,16367.40962,0,83118.20128,44.5,95.30000305,68.65000153,6.284990084,5.5,10.5,8.400000572,0.609552505,0,0,0,0,17.80000114,974.5,314.8500061,129.349795,20.89999962,24,22.39999962,0.448595112,24.70000076,28.30000114,26.60000038,0.51573018,20.89999962,24,22.39999962,0.448595112,27.5,32.60000229,30.80000114,0.716863637,26.80000114,32.10000229,29.39999962,0.7781506,3.649999857,31,19.68499947,4.89323484
La_Planada,16.22250035,11.21071448,21.28392895,80.28976333,114524.3019,1636.061456,12154.49971,0.539999982,66744.00124,53.20000076,100,80.70000458,5.689814066,5.300000191,13.10000038,10,1.041216951,0,0.149999991,0,0.006645533,3.700000048,393.8999939,136.4000092,66.19702662,9.199999809,15,11.19999981,0.740665859,14.60000038,17.80000114,16.20000076,0.549335742,9.199999809,15,11.19999981,0.740665859,18.70000076,23.20000076,21.30000114,0.77343638,12.5,17.60000038,15,0.864012032,2.429999828,24.92000008,15.28499985,4.29451801
Lambir,26.31321465,22.38130995,30.29750037,70.33262055,218390.1038,3119.858626,16739.69965,0,79555.6013,44.10000229,97.70000458,70.40000153,5.911640785,5.400000095,10.5,7.900000095,0.549243537,0,0,0,0,14.10000038,1037,252.8000031,115.3662489,20.5,24.10000038,22.39999962,0.499220564,24.30000114,28,26.30000114,0.593813296,20.5,24.10000038,22.39999962,0.499220564,27,32.29999924,30.39999962,0.781936083,26.89999962,32.29999924,29.60000038,0.773264535,4.179999828,31,19.79999924,5.029187376
Laupahoehoe,18.70357179,14.76142883,22.69547659,68.86702475,143639.4025,2051.991464,17147.71963,0,74932.90116,56.90000153,80.59999847,68.80000305,5.453148787,5.700000286,10.5,7.900000095,0.732821776,0,0,0,0,13.10000038,899.5,144.2500076,111.423635,10.40000057,18.39999962,14.90000057,1.475250906,15,22.10000038,18.70000076,1.370265433,10.40000057,18.39999962,14.90000057,1.475250906,19.30000114,25.89999962,22.60000038,1.357398317,13.69999981,21.39999962,17.30000114,1.261117003,3.639999866,31,20.57999992,5.371507276
Lienhuachih,16.40761934,13.11833356,19.7451194,70.66773944,140475.9023,2006.798605,13788.62969,290.019993,61948.90118,41.79999924,93.70000458,70.90000153,8.683035914,4.400000095,9.5,6.599999905,0.976192983,0,8.789999962,0,0.886477753,4,624.2999878,127.6500015,126.5191178,3.5,19.10000038,13.40000057,4.026254451,7.300000191,22.39999962,16.80000114,3.636920264,3.5,19.10000038,13.40000057,4.026254451,10.60000038,25.80000114,20.20000076,3.273616942,7.400000095,24.89999962,15.30000019,4.596841112,2.429999828,31,16.22999954,5.640073089
Lilly_Dickey_Woods,11.67523831,5.727023908,17.65559554,65.39512019,76776.90143,1096.812878,8989.369806,8472.759833,68044.10116,32.20000076,85.59999847,65.85000229,8.629655819,7.400000095,18.70000076,11.90000057,1.728193269,0,31,4.089999676,11.16438891,5.5,257.6000061,85.70000458,44.78131106,-17.5,21,5.700000286,9.03850057,-11.60000038,27.20000076,12.40000057,9.422561092,-17.5,21,5.700000286,9.03850057,-5.800000191,33.90000153,19.10000038,9.887700569,1.700000048,26.20000076,9.800000191,6.52073749,4.739999771,18.90999985,10.65499974,2.352503351
Luquillo,25.60940514,22.42880992,28.84119086,59.7133343,163243.6027,2332.051468,15022.82966,0,85868.70115,39,78.80000305,59.29999924,8.879276114,4.099999905,8.400000572,6.5,0.566160623,0,0,0,0,9.199999809,771.2999878,176.2500076,110.2704612,18.89999962,25.30000114,22.70000076,1.469500315,22,28.30000114,25.80000114,1.425000547,18.89999962,25.30000114,22.70000076,1.469500315,24.80000114,31.39999962,29.10000038,1.437715541,23.30000114,33.10000229,29,2.405371928,3.119999886,30.76000023,17.78999901,4.412289933
Manaus,27.28119085,23.07916703,31.53059576,81.58107296,148595.6025,2122.794321,16878.18968,0,80770.40118,58.29999924,97.80000305,84.80000305,10.18328284,6.400000095,11.90000057,8.300000191,0.999927487,0,0,0,0,2.900000095,500.2000122,165.5,101.3013373,21.10000038,25.5,23,0.721742557,25.39999962,30.10000038,27.20000076,0.801014594,21.10000038,25.5,23,0.721742557,29.20000076,35.29999924,31.39999962,1.126579872,24.80000114,34.60000229,29.89999962,1.444754094,0.239999995,31,20.45499993,7.303391965
Michigan_Big_Woods,9.721428729,4.467738183,15.0046431,66.65726307,59430.90097,849.012871,9543.359791,9425.199813,66905.70113,43.10000229,90.70000458,66.30000305,9.408869146,4.900000095,16,10.90000057,2.147124923,0,31,7.139999866,11.63793632,5.5,184.4000092,68.70000076,31.6915913,-15.30000019,19.60000038,4.099999905,9.029373227,-11.10000038,26,10.10000038,9.809137866,-15.30000019,19.60000038,4.099999905,9.029373227,-7,32.40000153,16.10000038,10.66577825,1.5,22.89999962,8.300000191,5.621680571,2.429999828,21.34000015,11.13999939,3.085503334
Mo_Singto,27.3085718,22.2345242,32.43619106,60.89666778,119135.7019,1701.938598,9470.159784,0,90843.90145,15.40000057,99.90000153,60.95000076,19.98854506,6.700000286,15.80000019,9.900000572,2.163743324,0,0,0,0,0,551.7999878,122.3000031,126.0264563,14.40000057,25.39999962,23.10000038,2.06354324,21.80000114,31.60000038,27.39999962,1.593280856,14.40000057,25.39999962,23.10000038,2.06354324,28,37.90000153,32,1.776740255,15.30000019,33.5,28.85000038,3.879759182,0,28.78999901,11.6949997,8.032488907
Mpala,17.33178609,9.759047803,24.95488133,69.20726323,58033.80104,829.0543006,10505.35978,186.3599954,93050.90106,39.70000076,92.90000153,69.35000229,7.033716635,11.90000057,19.60000038,14.80000019,1.619302427,0,3.559999943,0.01,0.463268554,0.5,362.8999939,61.05000114,46.70875061,6,13,9.800000191,1.179801832,14.69999981,19.89999962,17.30000114,0.872887436,6,13,9.800000191,1.179801832,21.60000038,28.30000114,24.89999962,1.201062291,8.900000572,17.30000114,12.80000019,1.244495567,0.280000001,30,12.375,4.859127766
Mudumalai,24.03130993,18.88511944,29.21452426,50.72000088,77529.60138,1107.565734,4147.699914,0,102640.5018,13,87.30000305,48.79999924,19.31616198,6.5,16.30000114,10.10000038,2.085252067,0,0,0,0,0,473.3999939,78.10000229,83.73090584,14.5,22.39999962,19.20000076,1.55889697,20.60000038,28.5,23.70000076,1.6285689,14.5,22.39999962,19.20000076,1.55889697,25.30000114,35.10000229,28.39999962,2.249710166,15.40000057,26,22.39999962,2.369612922,0,14.07999992,5.224999905,3.718002819
Nanjenshan,23.23404801,19.25119082,27.26535751,67.0484536,153836.4026,2197.662895,10558.23975,0,88363.00133,41.20000076,87.5,67.25000381,7.075054791,5.300000191,10.60000038,8.199999809,1.066323536,0,0,0,0,7.300000191,920.4000244,111.8500023,170.8128861,10.10000038,24.5,19.89999962,3.56990787,15.19999981,28,24,3.122967769,10.10000038,24.5,19.89999962,3.56990787,19.39999962,31.70000076,28.20000076,2.701926666,10.5,31.70000076,22.35000038,5.662043514,2.129999876,29.36999893,11.64999962,4.93765019
Ngel_Nyaki,23.91226229,18.2333337,29.64154804,69.06226295,112007.0018,1600.100026,9257.489791,0,89525.20154,37,93.20000458,70.35000229,14.73088101,6.400000095,17.60000038,10.6500001,2.800990282,0,0,0,0,0,395.5,141.5500031,112.2505289,13,22,18.60000038,1.766165509,21.10000038,28,23.5,1.424560547,13,22,18.60000038,1.766165509,25.70000076,34.5,29.80000114,2.207042619,10.19999981,24.70000076,21.80000114,4.489562676,0,23.93000031,13.31499958,8.27017185
Niobara,8.29630965,0.828571447,15.78809549,56.86654844,36397.10064,519.9585805,6261.349855,12409.04977,78219.00129,31.89999962,81.09999847,59.10000229,9.352790989,9.600000381,20.5,14.90000057,1.714373086,0,31,15.78999996,12.86020235,0.400000006,182.4000092,34.25,34.22646715,-20.30000114,18.60000038,0.800000012,10.34236097,-13.19999981,27,8.600000381,10.60469354,-20.30000114,18.60000038,0.800000012,10.34236097,-6.700000286,35.60000229,16.55000019,10.95606155,1.200000048,21.60000038,6.599999905,5.24030674,0.569999993,16.5,7.399999619,2.787573577
Nonggang,22.39380989,18.44130984,26.39702427,73.04488245,93686.1016,1338.37288,10807.90978,18.68999966,74154.70109,31.20000076,95.09999847,73.80000305,9.438779721,3.600000143,13.19999981,7.900000095,1.361190609,0,3.059999943,0,0.179028124,1,472.3000183,82.40000153,93.95878103,6.300000191,25.30000114,19.5,5.118090265,10.80000019,29.5,23.5,5.187622606,6.300000191,25.30000114,19.5,5.118090265,13,33.90000153,27.5,5.345393729,9.199999809,31.10000038,21.70000076,6.404277408,0.839999974,23.88999939,13.07499981,4.518018885
Ordway-Swisher,21.124167,15.22261931,27.07726234,57.89869123,93329.40182,1333.277169,8032.139833,384.5199907,88840.90169,42.20000076,73.30000305,57.70000076,5.255646726,8.199999809,16.10000038,11.80000019,1.39550696,0,13.38999939,0,1.402068247,1.399999976,398.2000122,100.9000015,68.32245386,1.700000048,23.5,15.55000019,5.651311339,8.5,29.39999962,21.60000038,5.341518864,1.700000048,23.5,15.55000019,5.651311339,14.5,35.40000153,27.65000057,5.109648316,7.300000191,31.89999962,18.5,6.987208416,0.079999998,19.85000038,9.024999619,3.946932836
Palamanui,17.46321467,13.52142877,21.45428607,68.29035856,111656.2018,1595.088597,17161.18962,0.170000002,71954.40124,55.70000076,79.90000153,68.80000305,5.685795389,5.700000286,10.5,7.900000095,0.73043262,0,0.170000002,0,0.005865557,8.900000572,505.8999939,117.0499992,75.24591063,9.100000381,17.20000076,13.60000038,1.512780028,13.69999981,20.89999962,17.5,1.408248063,9.100000381,17.20000076,13.60000038,1.512780028,18,24.80000114,21.39999962,1.392584037,12.80000019,20.39999962,16.10000038,1.220442718,4.819999695,31,20.47499943,5.459133839
Palanan,25.02238135,20.29785753,29.79428616,65.31023932,183072.0028,2615.314325,12975.8897,0,84989.70146,32.79999924,91.59999847,66.70000458,9.392862249,5.5,12.69999981,9.5,1.401195355,0,0,0,0,8.400000572,1027.5,190.0500031,154.9978006,15.90000057,23.30000114,20.65000057,1.558901603,20.20000076,28.10000038,25.5,1.747308255,15.90000057,23.30000114,20.65000057,1.558901603,24,34,30.30000114,2.157370274,20.80000114,30.5,26.39999962,2.257553062,0.599999964,31,15.59999943,5.800513392
Pasoh,25.90750038,21.63083372,30.23202421,73.27607292,135650.0024,1937.857177,15823.50966,0,78512.30117,45.20000076,99.70000458,73.70000458,7.577756682,6.700000286,10.30000019,8.699999809,0.550109792,0,0,0,0,7.099999905,394.6000061,156.2500076,63.5685923,19.80000114,23.70000076,21.60000038,0.705158417,24.10000038,28,25.89999962,0.662032428,19.80000114,23.70000076,21.60000038,0.705158417,27.80000114,32.29999924,30.20000076,0.729122298,24.60000038,31.70000076,28.5,1.118083958,1.379999995,31,18.69999886,4.669768327
Rabi,26.09892896,22.72392895,29.50726227,90.20690635,137397.8022,1962.825746,9542.119786,0,67364.50107,75.90000153,99.70000458,91.30000305,3.807329801,6.099999905,8,6.549999952,0.637866152,0,0,0,0,0,528.4000244,181.9000015,127.3939021,19,25.10000038,23.10000038,1.230719777,22.30000114,28.39999962,26.5,1.375881549,19,25.10000038,23.10000038,1.230719777,25.60000038,32.20000076,29.80000114,1.580522744,21.80000114,31.70000076,28.70000076,2.4857779,0.059999999,25.61999893,12.96999979,6.5109851
San_Lorenzo,26.17607183,22.96178609,29.44583373,56.97321521,202744.3035,2896.347193,13893.14968,0,93972.8017,30.20000076,99.80000305,60.65000153,10.03762835,3.900000095,9.199999809,6.450000048,0.689791259,0,0,0,0,25.80000114,619.9000244,287.7500153,147.1458908,20.60000038,25.39999962,22.89999962,0.876676589,23.89999962,28.60000038,26.10000038,0.865914642,20.60000038,25.39999962,22.89999962,0.876676589,26.70000076,32.20000076,29.39999962,0.986237504,23.30000114,33.10000229,28.89999962,1.865466842,6.309999943,25.71999931,19.0349989,6.324892214
Santa_Cruz,14.30583359,9.620000151,19.0396432,47.26988169,44897.90071,641.3985816,4293.399894,1002.389974,75865.90139,9.800000191,81.5,48.10000229,15.18634953,5.200000286,14.10000038,9.600000381,1.557459634,0,12.32999992,0.039999999,2.019965323,0,404.3999939,17.55000019,72.73256717,2.100000143,15.80000019,9.600000381,2.957776779,7.400000095,20.70000076,14.40000057,3.297805442,2.100000143,15.80000019,9.600000381,2.957776779,11.19999981,27.39999962,19.30000114,3.770984247,7.800000191,17.39999962,11.69999981,2.20531402,0,17.09000015,4.230000019,4.332365984
Scotty_Creek,-3.072261975,-8.75678586,2.61333337,60.98238189,26131.70046,373.3100065,8034.249826,16324.56987,35901.50057,37.5,80,61,5.726458458,5.599999905,15.90000057,12,2.277048706,0,31,26.90499878,12.44669707,2.299999952,158,23.89999962,22.00509346,-39.90000153,12.30000019,-6.150000095,14.49324644,-35.40000153,18.60000038,-1.150000036,15.05523602,-39.90000153,12.30000019,-6.150000095,14.49324644,-31,25.70000076,3.700000048,15.72253072,0,13.80000019,4.099999905,4.072795336,1.649999976,18.79999924,9.679999352,2.717052792
Sinharaja,26.69190513,23.35178614,30.0807147,64.24750122,188676.9028,2695.384325,8628.129807,0,96337.80174,31.39999962,85.09999847,68.70000458,10.50214946,4.400000095,9.5,6.599999905,1.299861182,0,0,0,0,0.600000024,1044.900024,196.1999969,153.6574076,20.70000076,25.89999962,23.39999962,1.048795965,24.80000114,29,26.65000057,0.704493437,20.70000076,25.89999962,23.39999962,1.048795965,28,33.10000229,30,0.859988394,23.10000038,32,28,1.657934155,0.059999999,26.82999992,9.904999733,4.827877556
Smithsonian_Conservation_Biology_Institute,12.86583355,6.202142957,19.56547646,65.71547736,71225.40118,1017.505731,9280.47979,7756.229859,71306.10121,43.90000153,81.80000305,66,5.786137039,9.199999809,18.30000114,13.40000057,1.549715543,0,30.40999985,3.584999919,10.35386719,1.700000048,266.3999939,78.55000305,43.07826739,-10.90000057,19.80000114,5.950000048,8.05961238,-5.099999905,26.5,13.19999981,8.394408403,-10.90000057,19.80000114,5.950000048,8.05961238,0.699999988,33.40000153,20.39999962,8.800514674,2.200000048,25.60000038,9.600000381,6.64226793,0.939999998,20.05999947,11.13999939,2.84270724
Smithsonian_Environmental_Research_Center,13.95547642,8.781071587,19.17047653,61.5611913,78826.40145,1126.091449,8298.11981,5881.929881,77481.90129,42.29999924,76,61.79999924,5.056828113,6.700000286,14.30000019,10.40000057,1.246018011,0,29.65999985,0.579999983,9.047746837,0.600000024,308.2000122,87.30000305,47.16720945,-9.300000191,22.89999962,8.400000572,8.484430901,-4.5,28.10000038,14.10000038,8.65825936,-9.300000191,22.89999962,8.400000572,8.484430901,0.300000012,33.70000076,19.70000076,8.885675007,2.400000095,26.80000114,10.10000038,6.834686576,0.909999967,16.5,9.939999581,2.418750159
Speulderbos,9.707500184,5.671547714,13.78559549,77.53131096,54698.40095,781.4057278,13097.60971,5850.599869,42582.70078,44.90000153,99.70000458,78.20000458,10.28497349,3.799999952,12.60000038,8.400000572,2.253617592,0,28.90999985,5.029999733,7.319187883,0,169.5,62.45000076,30.34731882,-8.100000381,15.5,5.200000286,4.709644536,-5.099999905,21.20000076,9.400000572,5.565784263,-8.100000381,15.5,5.200000286,4.709644536,-2.200000048,27,13.6500001,6.51286953,3.400000095,17.70000076,9.800000191,3.153579193,0.329999983,31,15.46999979,4.687990985
Tiantongshan,16.71642886,13.36547641,20.11428604,67.89976319,100428.1019,1434.68717,11998.11972,2129.179955,62419.90114,28,94.90000153,67.75000381,10.85722629,4.200000286,9.699999809,6.700000286,0.944047483,0,20.77000046,0,4.300411504,0.200000003,364.8999939,107.2000008,73.38346802,-1.100000024,25.89999962,13.6500001,7.866658443,2.400000095,29.39999962,17.30000114,7.768946999,-1.100000024,25.89999962,13.6500001,7.866658443,5,33.40000153,20.60000038,7.698275441,4.400000095,33.20000076,15.5,8.380979389,0.560000002,25.64999962,14.4449997,3.960320985
Traunstein,5.787976288,1.807261932,9.789881131,64.90226303,98189.10164,1402.701452,13541.56967,11049.79977,39956.60065,28.89999962,89.20000458,66.09999847,9.926621825,5,11.19999981,8,1.295230717,0,30.84000015,12.69999981,10.82552686,2.700000048,336.8999939,112.5999985,56.87769912,-14.80000019,12.90000057,1.850000024,6.18790651,-10.5,18.20000076,5.900000095,6.606439391,-14.80000019,12.90000057,1.850000024,6.18790651,-6.200000286,23.5,10.1500001,7.083806642,2.100000143,14,7.099999905,3.221141697,0.219999999,26.94999886,16.38999939,3.766796312
Tyson_Research_Center,13.20511929,7.580595378,18.86642886,60.79333413,66897.30113,955.6757304,7910.839814,7285.409884,77379.80145,28.80000114,80.90000153,61.65000153,7.88637016,6.900000095,16.70000076,11.30000019,1.43619133,0,31,0.859999985,10.70105629,1.100000024,261.8999939,73.04999924,44.7847934,-14.60000038,23.39999962,8.050000191,9.458363467,-9.400000572,29.5,14.19999981,9.682214685,-14.60000038,23.39999962,8.050000191,9.458363467,-4.200000286,36.20000076,20.39999962,9.973652763,2.100000143,27.5,10.55000019,6.989487375,1.949999928,17.1099987,9.279999733,2.66171471
"University_of_Maryland,_Baltimore_County",12.86083355,7.168809662,18.58904792,61.88916764,77236.10141,1103.372877,8530.289802,7171.039875,74368.50138,42.40000153,77.5,62.10000229,5.30766803,7.599999905,15.80000019,11.5,1.464966308,0,30.25,2.599999905,9.996687769,0.900000036,300.3999939,84.80000305,45.77889175,-10.5,21.39999962,6.599999905,8.404020623,-5.700000286,27.20000076,12.90000057,8.751786031,-10.5,21.39999962,6.599999905,8.404020623,-0.900000036,33.5,19.20000076,9.159957253,2.100000143,25.89999962,9.600000381,6.652777477,0.829999983,17.02999878,10.15999985,2.483428446
Utah_Forest_Dynamics_Plot,8.030595382,-0.401547622,16.48619073,48.54916741,23501.20045,335.731435,4928.719892,13795.4997,98717.10155,19.70000076,74.70000458,49.90000153,10.68894929,10.30000019,22.20000076,17.10000038,2.395614922,0,31,20.10000038,11.33612703,0,113.2000046,22.55000019,20.56714334,-14.30000019,12.69999981,-1.100000024,7.040205444,-7.099999905,22.20000076,7.599999905,7.933397192,-14.30000019,12.69999981,-1.100000024,7.040205444,-0.600000024,31.89999962,16.20000076,8.916052767,2,9.900000572,4,1.920402288,0,12.44999981,5.764999867,2.606944841
Wabikon,3.957976278,-2.418452418,10.34119066,67.3311917,55479.80085,792.5685835,9598.559776,13981.8598,49076.10083,47.40000153,87.90000153,67.30000305,7.232250244,7.300000191,17.70000076,12.90000057,1.78794895,0,31,20.80500031,12.68625858,4.200000286,203.1000061,59.5,39.7406448,-24.5,14.5,-1.25000006,10.62854497,-17.80000114,21.60000038,5.099999905,10.92885272,-24.5,14.5,-1.25000006,10.62854497,-11.40000057,28.70000076,11.60000038,11.32667268,0.800000012,19.20000076,6.400000095,5.071406923,5.119999886,21.88999939,11.34000015,1.889006263
Wanang,26.31369082,21.74702414,30.92607184,74.23226326,237623.7029,3394.624327,15927.44963,0,87481.60087,51.79999924,98.70000458,73.30000305,6.048242264,7.400000095,10.80000019,9.199999809,0.52343332,0,0,0,0,16.30000114,635,279,120.6275769,20.39999962,23.5,21.70000076,0.458286844,24.60000038,27.5,26.39999962,0.411996078,20.39999962,23.5,21.70000076,0.458286844,28.70000076,32.29999924,31,0.519304385,25.20000076,29.80000114,27.80000114,0.751858121,5.769999981,25.68000031,19.22499943,2.533254264
Wind_River,8.332500133,2.700595294,13.99523832,70.4129775,133355.602,1905.080028,8863.799826,10092.83981,55756.80095,33,93.5,73.54999924,13.73936143,5.800000191,18.60000038,11.30000019,3.027390641,0,30.59000015,12.5199995,9.502100895,0.100000001,785,121.8000031,140.0910708,-11.40000057,12.69999981,1.949999988,5.111322182,-7.400000095,20.5,7.900000095,6.397685048,-11.40000057,12.69999981,1.949999988,5.111322182,-3.400000095,29.60000038,13.6500001,7.779826491,3,13.69999981,7.800000191,2.262154523,0.01,25.01000023,10.48999977,5.106088442
Wytham_Woods,9.98309541,6.103571526,13.90928595,76.73619197,47378.90085,676.8414407,11068.08974,4940.309886,42817.90066,47.5,100,77.30000305,8.43432891,3.799999952,12.80000019,7.900000095,1.95167955,0,25.25,4.019999743,6.048473524,2,144.3000031,53.35000038,28.35430286,-4,14.30000019,5.700000286,4.084896126,-1.300000072,19.60000038,9.650000095,4.801760282,-4,14.30000019,5.700000286,4.084896126,1.399999976,25.5,13.69999981,5.602065041,4.5,17.30000114,9.800000191,2.777857294,2.059999943,25.28999901,13.08999968,4.470567619
Xishuangbanna,20.90297653,15.58595267,26.26952414,62.65012016,98019.20165,1400.274309,13537.84971,38.0699991,75306.80122,24.20000076,95.80000305,61.45000076,16.16548764,5.900000095,18.39999962,10,2.980711428,0,3.059999943,0,0.234684154,0,440.5,90.65000153,99.54170332,6.300000191,21.39999962,16.60000038,4.147097816,13.30000019,25.70000076,22,3.180719399,6.300000191,21.39999962,16.60000038,4.147097816,18.39999962,31.89999962,27.10000038,2.73382117,11.30000019,25.70000076,19.25000095,4.550985377,0.179999992,31,16.27999878,7.304441831
Yasuni,26.04785752,20.24202419,31.90488153,81.79345382,233286.704,3332.6672,17980.03959,0,85531.50128,55.40000153,99.20000458,82.5,5.592193529,7.800000191,14.30000019,11.69999981,0.958632543,0,0,0,0,101.5,627.5,260.8999939,86.7249924,17.70000076,23.80000114,20.30000114,0.813522881,23.60000038,28.10000038,26.10000038,0.725178187,17.70000076,23.80000114,20.30000114,0.813522881,28.89999962,34.20000076,32,0.921786535,23,28.80000114,26.10000038,1.05903063,10.82999992,31,21.35499954,3.052930199
Yosemite_National_Park,10.29821449,1.502976222,19.12095268,46.93178645,69887.50112,998.3928732,3962.269908,11712.88978,92006.50155,12.90000057,83,47.40000153,15.83209982,10.80000019,23.30000114,17.89999962,2.942920807,0,30.25,15.5199995,10.14682326,0,538,42.70000076,98.09326031,-10.5,12.5,0.800000012,5.4653621,-1.300000072,23,9.950000286,6.620800911,-10.5,12.5,0.800000012,5.4653621,5.300000191,33.5,18.65000057,7.897905804,3.400000095,10.19999981,6.5,1.281871159,0,18.90999985,4.75,3.346709208
Zofin,8.319881107,4.014404818,12.65880976,66.91297748,51157.70099,730.8242999,11726.85973,8812.539832,50609.70074,29.70000076,99.70000458,67.59999847,11.69320454,4.099999905,13.40000057,9.100000381,2.323039909,0,30.48999977,7.839999676,10.29045635,0.900000036,211.1999969,54.05000114,35.48313557,-13,15.19999981,3.799999952,6.453140602,-8.699999809,21.39999962,8.600000381,7.37057576,-13,15.19999981,3.799999952,6.453140602,-4.900000095,27.80000114,13.30000019,8.368854862,3.200000048,16.20000076,8.25,3.701854837,0.870000005,21.72999954,14.19999981,3.325300183
