site_code,year,month,day,hour,minute,second,time_decimal,value,value_std_dev,nvalue,latitude,longitude,altitude,elevation,intake_height,qcflag
MLO,1973,1,1,0,0,0,1973,-999.99,-99.99,0,19.536,-155.576,3437,3397,40,*..
MLO,1973,2,1,0,0,0,1973.084932,-999.99,-99.99,0,19.536,-155.576,3437,3397,40,*..
MLO,1973,3,1,0,0,0,1973.161644,-999.99,-99.99,0,19.536,-155.576,3437,3397,40,*..
MLO,1973,4,1,0,0,0,1973.246575,-999.99,-99.99,0,19.536,-155.576,3437,3397,40,*..
MLO,1973,5,1,0,0,0,1973.328767,-999.99,-99.99,0,19.536,-155.576,3437,3397,40,*..
MLO,1973,6,1,0,0,0,1973.413699,-999.99,-99.99,0,19.536,-155.576,3437,3397,40,*..
MLO,1973,7,1,0,0,0,1973.49589,-999.99,-99.99,0,19.536,-155.576,3437,3397,40,*..
MLO,1973,8,1,0,0,0,1973.580822,-999.99,-99.99,0,19.536,-155.576,3437,3397,40,*..
MLO,1973,9,1,0,0,0,1973.665753,-999.99,-99.99,0,19.536,-155.576,3437,3397,40,*..
MLO,1973,10,1,0,0,0,1973.747945,-999.99,-99.99,0,19.536,-155.576,3437,3397,40,*..
MLO,1973,11,1,0,0,0,1973.832877,-999.99,-99.99,0,19.536,-155.576,3437,3397,40,*..
MLO,1973,12,1,0,0,0,1973.915068,-999.99,-99.99,0,19.536,-155.576,3437,3397,40,*..
MLO,1974,1,1,0,0,0,1974,-999.99,-99.99,0,19.536,-155.576,3437,3397,40,*..
MLO,1974,2,1,0,0,0,1974.084932,-999.99,-99.99,0,19.536,-155.576,3437,3397,40,*..
MLO,1974,3,1,0,0,0,1974.161644,-999.99,-99.99,0,19.536,-155.576,3437,3397,40,*..
MLO,1974,4,1,0,0,0,1974.246575,-999.99,-99.99,0,19.536,-155.576,3437,3397,40,*..
MLO,1974,5,1,0,0,0,1974.328767,333.16,0.34,14,19.536,-155.576,3437,3397,40,...
MLO,1974,6,1,0,0,0,1974.413699,332.11,0.46,26,19.536,-155.576,3437,3397,40,...
MLO,1974,7,1,0,0,0,1974.49589,331.11,0.49,24,19.536,-155.576,3437,3397,40,...
MLO,1974,8,1,0,0,0,1974.580822,329.09,0.64,27,19.536,-155.576,3437,3397,40,...
MLO,1974,9,1,0,0,0,1974.665753,327.27,0.63,24,19.536,-155.576,3437,3397,40,...
MLO,1974,10,1,0,0,0,1974.747945,327.3,0.27,24,19.536,-155.576,3437,3397,40,...
MLO,1974,11,1,0,0,0,1974.832877,328.27,0.51,27,19.536,-155.576,3437,3397,40,...
MLO,1974,12,1,0,0,0,1974.915068,329.63,0.52,28,19.536,-155.576,3437,3397,40,...
MLO,1975,1,1,0,0,0,1975,330.75,0.5,29,19.536,-155.576,3437,3397,40,...
MLO,1975,2,1,0,0,0,1975.084932,331.46,0.47,26,19.536,-155.576,3437,3397,40,...
MLO,1975,3,1,0,0,0,1975.161644,331.88,0.3,18,19.536,-155.576,3437,3397,40,...
MLO,1975,4,1,0,0,0,1975.246575,333.18,0.5,25,19.536,-155.576,3437,3397,40,...
MLO,1975,5,1,0,0,0,1975.328767,333.95,0.35,28,19.536,-155.576,3437,3397,40,...
MLO,1975,6,1,0,0,0,1975.413699,333.48,0.51,26,19.536,-155.576,3437,3397,40,...
MLO,1975,7,1,0,0,0,1975.49589,332.04,0.78,24,19.536,-155.576,3437,3397,40,...
MLO,1975,8,1,0,0,0,1975.580822,329.92,0.95,24,19.536,-155.576,3437,3397,40,...
MLO,1975,9,1,0,0,0,1975.665753,328.48,0.75,23,19.536,-155.576,3437,3397,40,...
MLO,1975,10,1,0,0,0,1975.747945,328.45,0.39,12,19.536,-155.576,3437,3397,40,...
MLO,1975,11,1,0,0,0,1975.832877,329.24,0.43,19,19.536,-155.576,3437,3397,40,...
MLO,1975,12,1,0,0,0,1975.915068,-999.99,-99.99,0,19.536,-155.576,3437,3397,40,*..
MLO,1976,1,1,0,0,0,1976,331.65,0.29,20,19.536,-155.576,3437,3397,40,...
MLO,1976,2,1,0,0,0,1976.084699,332.76,0.55,22,19.536,-155.576,3437,3397,40,...
MLO,1976,3,1,0,0,0,1976.163934,333.54,0.84,20,19.536,-155.576,3437,3397,40,...
MLO,1976,4,1,0,0,0,1976.248634,334.66,0.72,19,19.536,-155.576,3437,3397,40,...
MLO,1976,5,1,0,0,0,1976.330601,334.77,0.61,22,19.536,-155.576,3437,3397,40,...
MLO,1976,6,1,0,0,0,1976.415301,334.21,0.22,17,19.536,-155.576,3437,3397,40,...
MLO,1976,7,1,0,0,0,1976.497268,332.85,0.68,16,19.536,-155.576,3437,3397,40,...
MLO,1976,8,1,0,0,0,1976.581967,330.72,0.75,23,19.536,-155.576,3437,3397,40,...
MLO,1976,9,1,0,0,0,1976.666667,328.88,0.99,13,19.536,-155.576,3437,3397,40,...
MLO,1976,10,1,0,0,0,1976.748634,328.71,0.56,20,19.536,-155.576,3437,3397,40,...
MLO,1976,11,1,0,0,0,1976.833333,330.23,0.52,25,19.536,-155.576,3437,3397,40,...
MLO,1976,12,1,0,0,0,1976.915301,331.68,0.69,20,19.536,-155.576,3437,3397,40,...
MLO,1977,1,1,0,0,0,1977,332.66,0.46,24,19.536,-155.576,3437,3397,40,...
MLO,1977,2,1,0,0,0,1977.084932,333.18,0.28,19,19.536,-155.576,3437,3397,40,...
MLO,1977,3,1,0,0,0,1977.161644,334.97,0.56,23,19.536,-155.576,3437,3397,40,...
MLO,1977,4,1,0,0,0,1977.246575,336.19,0.58,21,19.536,-155.576,3437,3397,40,...
MLO,1977,5,1,0,0,0,1977.328767,336.92,0.32,20,19.536,-155.576,3437,3397,40,...
MLO,1977,6,1,0,0,0,1977.413699,336.14,0.4,22,19.536,-155.576,3437,3397,40,...
MLO,1977,7,1,0,0,0,1977.49589,334.77,0.66,21,19.536,-155.576,3437,3397,40,...
MLO,1977,8,1,0,0,0,1977.580822,332.62,0.57,18,19.536,-155.576,3437,3397,40,...
MLO,1977,9,1,0,0,0,1977.665753,331.27,0.54,19,19.536,-155.576,3437,3397,40,...
MLO,1977,10,1,0,0,0,1977.747945,331.28,0.33,23,19.536,-155.576,3437,3397,40,...
MLO,1977,11,1,0,0,0,1977.832877,332.42,0.49,21,19.536,-155.576,3437,3397,40,...
MLO,1977,12,1,0,0,0,1977.915068,333.63,0.55,26,19.536,-155.576,3437,3397,40,...
MLO,1978,1,1,0,0,0,1978,334.98,0.61,22,19.536,-155.576,3437,3397,40,...
MLO,1978,2,1,0,0,0,1978.084932,335.26,0.56,25,19.536,-155.576,3437,3397,40,...
MLO,1978,3,1,0,0,0,1978.161644,336.65,0.75,28,19.536,-155.576,3437,3397,40,...
MLO,1978,4,1,0,0,0,1978.246575,337.73,0.48,18,19.536,-155.576,3437,3397,40,...
MLO,1978,5,1,0,0,0,1978.328767,338.02,0.45,26,19.536,-155.576,3437,3397,40,...
MLO,1978,6,1,0,0,0,1978.413699,337.95,0.5,17,19.536,-155.576,3437,3397,40,...
MLO,1978,7,1,0,0,0,1978.49589,336.31,0.56,22,19.536,-155.576,3437,3397,40,...
MLO,1978,8,1,0,0,0,1978.580822,334.65,0.52,19,19.536,-155.576,3437,3397,40,...
MLO,1978,9,1,0,0,0,1978.665753,332.35,0.77,17,19.536,-155.576,3437,3397,40,...
MLO,1978,10,1,0,0,0,1978.747945,332.38,0.46,23,19.536,-155.576,3437,3397,40,...
MLO,1978,11,1,0,0,0,1978.832877,333.75,0.34,24,19.536,-155.576,3437,3397,40,...
MLO,1978,12,1,0,0,0,1978.915068,334.95,0.44,27,19.536,-155.576,3437,3397,40,...
MLO,1979,1,1,0,0,0,1979,336.11,0.87,27,19.536,-155.576,3437,3397,40,...
MLO,1979,2,1,0,0,0,1979.084932,336.71,0.33,26,19.536,-155.576,3437,3397,40,...
MLO,1979,3,1,0,0,0,1979.161644,338.3,0.89,21,19.536,-155.576,3437,3397,40,...
MLO,1979,4,1,0,0,0,1979.246575,339.06,0.55,21,19.536,-155.576,3437,3397,40,...
MLO,1979,5,1,0,0,0,1979.328767,339.23,0.55,12,19.536,-155.576,3437,3397,40,...
MLO,1979,6,1,0,0,0,1979.413699,339.34,0.43,19,19.536,-155.576,3437,3397,40,...
MLO,1979,7,1,0,0,0,1979.49589,337.52,0.77,26,19.536,-155.576,3437,3397,40,...
MLO,1979,8,1,0,0,0,1979.580822,335.74,0.9,23,19.536,-155.576,3437,3397,40,...
MLO,1979,9,1,0,0,0,1979.665753,333.9,0.72,19,19.536,-155.576,3437,3397,40,...
MLO,1979,10,1,0,0,0,1979.747945,334.21,0.29,24,19.536,-155.576,3437,3397,40,...
MLO,1979,11,1,0,0,0,1979.832877,335.34,0.52,27,19.536,-155.576,3437,3397,40,...
MLO,1979,12,1,0,0,0,1979.915068,336.74,0.42,22,19.536,-155.576,3437,3397,40,...
MLO,1980,1,1,0,0,0,1980,337.9,0.64,29,19.536,-155.576,3437,3397,40,...
MLO,1980,2,1,0,0,0,1980.084699,338.37,0.52,26,19.536,-155.576,3437,3397,40,...
MLO,1980,3,1,0,0,0,1980.163934,340.04,0.71,25,19.536,-155.576,3437,3397,40,...
MLO,1980,4,1,0,0,0,1980.248634,340.95,0.38,24,19.536,-155.576,3437,3397,40,...
MLO,1980,5,1,0,0,0,1980.330601,341.47,0.52,25,19.536,-155.576,3437,3397,40,...
MLO,1980,6,1,0,0,0,1980.415301,341.36,0.57,22,19.536,-155.576,3437,3397,40,...
MLO,1980,7,1,0,0,0,1980.497268,339.26,0.86,21,19.536,-155.576,3437,3397,40,...
MLO,1980,8,1,0,0,0,1980.581967,337.76,1.03,17,19.536,-155.576,3437,3397,40,...
MLO,1980,9,1,0,0,0,1980.666667,336.19,0.77,17,19.536,-155.576,3437,3397,40,...
MLO,1980,10,1,0,0,0,1980.748634,336.17,0.45,25,19.536,-155.576,3437,3397,40,...
MLO,1980,11,1,0,0,0,1980.833333,337.29,0.34,24,19.536,-155.576,3437,3397,40,...
MLO,1980,12,1,0,0,0,1980.915301,338.46,0.31,19,19.536,-155.576,3437,3397,40,...
MLO,1981,1,1,0,0,0,1981,339.28,0.51,28,19.536,-155.576,3437,3397,40,...
MLO,1981,2,1,0,0,0,1981.084932,340.55,0.81,25,19.536,-155.576,3437,3397,40,...
MLO,1981,3,1,0,0,0,1981.161644,341.64,0.68,25,19.536,-155.576,3437,3397,40,...
MLO,1981,4,1,0,0,0,1981.246575,342.54,0.38,24,19.536,-155.576,3437,3397,40,...
MLO,1981,5,1,0,0,0,1981.328767,343.03,0.16,30,19.536,-155.576,3437,3397,40,...
MLO,1981,6,1,0,0,0,1981.413699,342.52,0.42,25,19.536,-155.576,3437,3397,40,...
MLO,1981,7,1,0,0,0,1981.49589,340.82,0.58,24,19.536,-155.576,3437,3397,40,...
MLO,1981,8,1,0,0,0,1981.580822,338.54,0.91,26,19.536,-155.576,3437,3397,40,...
MLO,1981,9,1,0,0,0,1981.665753,336.96,0.65,27,19.536,-155.576,3437,3397,40,...
MLO,1981,10,1,0,0,0,1981.747945,337.06,0.56,28,19.536,-155.576,3437,3397,40,...
MLO,1981,11,1,0,0,0,1981.832877,338.52,0.56,25,19.536,-155.576,3437,3397,40,...
MLO,1981,12,1,0,0,0,1981.915068,339.85,0.36,19,19.536,-155.576,3437,3397,40,...
MLO,1982,1,1,0,0,0,1982,340.98,0.49,27,19.536,-155.576,3437,3397,40,...
MLO,1982,2,1,0,0,0,1982.084932,341.73,0.49,23,19.536,-155.576,3437,3397,40,...
MLO,1982,3,1,0,0,0,1982.161644,342.65,0.39,18,19.536,-155.576,3437,3397,40,...
MLO,1982,4,1,0,0,0,1982.246575,343.96,0.85,8,19.536,-155.576,3437,3397,40,...
MLO,1982,5,1,0,0,0,1982.328767,344.63,0.33,26,19.536,-155.576,3437,3397,40,...
MLO,1982,6,1,0,0,0,1982.413699,343.78,0.41,26,19.536,-155.576,3437,3397,40,...
MLO,1982,7,1,0,0,0,1982.49589,342.38,0.6,28,19.536,-155.576,3437,3397,40,...
MLO,1982,8,1,0,0,0,1982.580822,340.17,1.06,24,19.536,-155.576,3437,3397,40,...
MLO,1982,9,1,0,0,0,1982.665753,338.25,0.91,21,19.536,-155.576,3437,3397,40,...
MLO,1982,10,1,0,0,0,1982.747945,338.29,0.67,26,19.536,-155.576,3437,3397,40,...
MLO,1982,11,1,0,0,0,1982.832877,339.62,0.61,25,19.536,-155.576,3437,3397,40,...
MLO,1982,12,1,0,0,0,1982.915068,340.89,0.57,26,19.536,-155.576,3437,3397,40,...
MLO,1983,1,1,0,0,0,1983,341.7,0.42,28,19.536,-155.576,3437,3397,40,...
MLO,1983,2,1,0,0,0,1983.084932,342.93,0.45,24,19.536,-155.576,3437,3397,40,...
MLO,1983,3,1,0,0,0,1983.161644,343.3,0.98,26,19.536,-155.576,3437,3397,40,...
MLO,1983,4,1,0,0,0,1983.246575,345.3,0.54,24,19.536,-155.576,3437,3397,40,...
MLO,1983,5,1,0,0,0,1983.328767,346.03,0.56,28,19.536,-155.576,3437,3397,40,...
MLO,1983,6,1,0,0,0,1983.413699,345.63,0.48,20,19.536,-155.576,3437,3397,40,...
MLO,1983,7,1,0,0,0,1983.49589,344.25,0.91,20,19.536,-155.576,3437,3397,40,...
MLO,1983,8,1,0,0,0,1983.580822,342.27,0.8,16,19.536,-155.576,3437,3397,40,...
MLO,1983,9,1,0,0,0,1983.665753,340.35,0.42,15,19.536,-155.576,3437,3397,40,...
MLO,1983,10,1,0,0,0,1983.747945,340.3,0.42,20,19.536,-155.576,3437,3397,40,...
MLO,1983,11,1,0,0,0,1983.832877,341.57,0.4,26,19.536,-155.576,3437,3397,40,...
MLO,1983,12,1,0,0,0,1983.915068,343.13,0.59,19,19.536,-155.576,3437,3397,40,...
MLO,1984,1,1,0,0,0,1984,344.1,0.45,23,19.536,-155.576,3437,3397,40,...
MLO,1984,2,1,0,0,0,1984.084699,344.81,0.3,23,19.536,-155.576,3437,3397,40,...
MLO,1984,3,1,0,0,0,1984.163934,345.45,0.4,19,19.536,-155.576,3437,3397,40,...
MLO,1984,4,1,0,0,0,1984.248634,347.32,0.06,2,19.536,-155.576,3437,3397,40,...
MLO,1984,5,1,0,0,0,1984.330601,347.63,0.43,21,19.536,-155.576,3437,3397,40,...
MLO,1984,6,1,0,0,0,1984.415301,346.94,0.44,21,19.536,-155.576,3437,3397,40,...
MLO,1984,7,1,0,0,0,1984.497268,345.61,0.65,21,19.536,-155.576,3437,3397,40,...
MLO,1984,8,1,0,0,0,1984.581967,343.56,1.01,12,19.536,-155.576,3437,3397,40,...
MLO,1984,9,1,0,0,0,1984.666667,341.37,0.64,14,19.536,-155.576,3437,3397,40,...
MLO,1984,10,1,0,0,0,1984.748634,341.63,0.43,12,19.536,-155.576,3437,3397,40,...
MLO,1984,11,1,0,0,0,1984.833333,342.98,0.69,18,19.536,-155.576,3437,3397,40,...
MLO,1984,12,1,0,0,0,1984.915301,344.75,0.76,12,19.536,-155.576,3437,3397,40,...
MLO,1985,1,1,0,0,0,1985,345.23,0.32,23,19.536,-155.576,3437,3397,40,...
MLO,1985,2,1,0,0,0,1985.084932,346.16,0.45,17,19.536,-155.576,3437,3397,40,...
MLO,1985,3,1,0,0,0,1985.161644,347.73,0.63,16,19.536,-155.576,3437,3397,40,...
MLO,1985,4,1,0,0,0,1985.246575,348.26,0.65,19,19.536,-155.576,3437,3397,40,...
MLO,1985,5,1,0,0,0,1985.328767,349.07,0.52,24,19.536,-155.576,3437,3397,40,...
MLO,1985,6,1,0,0,0,1985.413699,348.34,0.59,23,19.536,-155.576,3437,3397,40,...
MLO,1985,7,1,0,0,0,1985.49589,346.81,0.56,18,19.536,-155.576,3437,3397,40,...
MLO,1985,8,1,0,0,0,1985.580822,344.88,0.7,18,19.536,-155.576,3437,3397,40,...
MLO,1985,9,1,0,0,0,1985.665753,343.26,0.89,25,19.536,-155.576,3437,3397,40,...
MLO,1985,10,1,0,0,0,1985.747945,343.16,0.53,20,19.536,-155.576,3437,3397,40,...
MLO,1985,11,1,0,0,0,1985.832877,344.53,0.73,22,19.536,-155.576,3437,3397,40,...
MLO,1985,12,1,0,0,0,1985.915068,345.93,0.71,25,19.536,-155.576,3437,3397,40,...
MLO,1986,1,1,0,0,0,1986,346.58,0.26,23,19.536,-155.576,3437,3397,40,...
MLO,1986,2,1,0,0,0,1986.084932,347.28,0.52,25,19.536,-155.576,3437,3397,40,...
MLO,1986,3,1,0,0,0,1986.161644,347.96,1.1,17,19.536,-155.576,3437,3397,40,...
MLO,1986,4,1,0,0,0,1986.246575,349.79,0.57,22,19.536,-155.576,3437,3397,40,...
MLO,1986,5,1,0,0,0,1986.328767,350.38,0.38,18,19.536,-155.576,3437,3397,40,...
MLO,1986,6,1,0,0,0,1986.413699,349.94,0.48,17,19.536,-155.576,3437,3397,40,...
MLO,1986,7,1,0,0,0,1986.49589,348.21,0.7,20,19.536,-155.576,3437,3397,40,...
MLO,1986,8,1,0,0,0,1986.580822,346.1,0.63,18,19.536,-155.576,3437,3397,40,...
MLO,1986,9,1,0,0,0,1986.665753,345.12,0.66,17,19.536,-155.576,3437,3397,40,...
MLO,1986,10,1,0,0,0,1986.747945,344.47,0.41,26,19.536,-155.576,3437,3397,40,...
MLO,1986,11,1,0,0,0,1986.832877,345.98,0.43,23,19.536,-155.576,3437,3397,40,...
MLO,1986,12,1,0,0,0,1986.915068,347.14,0.25,24,19.536,-155.576,3437,3397,40,...
MLO,1987,1,1,0,0,0,1987,348.5,0.64,26,19.536,-155.576,3437,3397,40,...
MLO,1987,2,1,0,0,0,1987.084932,348.72,0.73,25,19.536,-155.576,3437,3397,40,...
MLO,1987,3,1,0,0,0,1987.161644,349.72,0.67,22,19.536,-155.576,3437,3397,40,...
MLO,1987,4,1,0,0,0,1987.246575,351.34,0.71,26,19.536,-155.576,3437,3397,40,...
MLO,1987,5,1,0,0,0,1987.328767,352.09,0.38,27,19.536,-155.576,3437,3397,40,...
MLO,1987,6,1,0,0,0,1987.413699,351.6,0.37,21,19.536,-155.576,3437,3397,40,...
MLO,1987,7,1,0,0,0,1987.49589,350.28,0.75,16,19.536,-155.576,3437,3397,40,...
MLO,1987,8,1,0,0,0,1987.580822,348,0.86,14,19.536,-155.576,3437,3397,40,...
MLO,1987,9,1,0,0,0,1987.665753,346.47,0.66,23,19.536,-155.576,3437,3397,40,...
MLO,1987,10,1,0,0,0,1987.747945,346.64,0.54,22,19.536,-155.576,3437,3397,40,...
MLO,1987,11,1,0,0,0,1987.832877,347.99,0.63,22,19.536,-155.576,3437,3397,40,...
MLO,1987,12,1,0,0,0,1987.915068,349.16,0.4,27,19.536,-155.576,3437,3397,40,...
MLO,1988,1,1,0,0,0,1988,350.33,0.34,24,19.536,-155.576,3437,3397,40,...
MLO,1988,2,1,0,0,0,1988.084699,351.67,0.6,24,19.536,-155.576,3437,3397,40,...
MLO,1988,3,1,0,0,0,1988.163934,352.36,0.77,25,19.536,-155.576,3437,3397,40,...
MLO,1988,4,1,0,0,0,1988.248634,353.68,0.52,27,19.536,-155.576,3437,3397,40,...
MLO,1988,5,1,0,0,0,1988.330601,354.21,0.38,28,19.536,-155.576,3437,3397,40,...
MLO,1988,6,1,0,0,0,1988.415301,353.67,0.46,26,19.536,-155.576,3437,3397,40,...
MLO,1988,7,1,0,0,0,1988.497268,352.66,0.66,27,19.536,-155.576,3437,3397,40,...
MLO,1988,8,1,0,0,0,1988.581967,350.35,0.73,26,19.536,-155.576,3437,3397,40,...
MLO,1988,9,1,0,0,0,1988.666667,348.92,0.49,27,19.536,-155.576,3437,3397,40,...
MLO,1988,10,1,0,0,0,1988.748634,349.14,0.39,26,19.536,-155.576,3437,3397,40,...
MLO,1988,11,1,0,0,0,1988.833333,350.24,0.37,25,19.536,-155.576,3437,3397,40,...
MLO,1988,12,1,0,0,0,1988.915301,351.4,0.62,28,19.536,-155.576,3437,3397,40,...
MLO,1989,1,1,0,0,0,1989,352.92,0.49,27,19.536,-155.576,3437,3397,40,...
MLO,1989,2,1,0,0,0,1989.084932,353.26,0.46,25,19.536,-155.576,3437,3397,40,...
MLO,1989,3,1,0,0,0,1989.161644,353.96,0.69,29,19.536,-155.576,3437,3397,40,...
MLO,1989,4,1,0,0,0,1989.246575,355.64,0.75,28,19.536,-155.576,3437,3397,40,...
MLO,1989,5,1,0,0,0,1989.328767,355.86,0.47,28,19.536,-155.576,3437,3397,40,...
MLO,1989,6,1,0,0,0,1989.413699,355.35,0.52,26,19.536,-155.576,3437,3397,40,...
MLO,1989,7,1,0,0,0,1989.49589,353.96,0.72,25,19.536,-155.576,3437,3397,40,...
MLO,1989,8,1,0,0,0,1989.580822,351.88,1.05,24,19.536,-155.576,3437,3397,40,...
MLO,1989,9,1,0,0,0,1989.665753,350.07,0.83,23,19.536,-155.576,3437,3397,40,...
MLO,1989,10,1,0,0,0,1989.747945,350.29,0.38,25,19.536,-155.576,3437,3397,40,...
MLO,1989,11,1,0,0,0,1989.832877,351.51,0.51,27,19.536,-155.576,3437,3397,40,...
MLO,1989,12,1,0,0,0,1989.915068,352.81,0.5,27,19.536,-155.576,3437,3397,40,...
MLO,1990,1,1,0,0,0,1990,353.81,0.35,25,19.536,-155.576,3437,3397,40,...
MLO,1990,2,1,0,0,0,1990.084932,355.04,0.67,28,19.536,-155.576,3437,3397,40,...
MLO,1990,3,1,0,0,0,1990.161644,355.74,0.62,28,19.536,-155.576,3437,3397,40,...
MLO,1990,4,1,0,0,0,1990.246575,356.31,0.56,28,19.536,-155.576,3437,3397,40,...
MLO,1990,5,1,0,0,0,1990.328767,357.32,0.28,29,19.536,-155.576,3437,3397,40,...
MLO,1990,6,1,0,0,0,1990.413699,356.36,0.64,29,19.536,-155.576,3437,3397,40,...
MLO,1990,7,1,0,0,0,1990.49589,354.86,1.14,30,19.536,-155.576,3437,3397,40,...
MLO,1990,8,1,0,0,0,1990.580822,352.98,0.88,22,19.536,-155.576,3437,3397,40,...
MLO,1990,9,1,0,0,0,1990.665753,351.3,0.67,27,19.536,-155.576,3437,3397,40,...
MLO,1990,10,1,0,0,0,1990.747945,351.63,0.42,28,19.536,-155.576,3437,3397,40,...
MLO,1990,11,1,0,0,0,1990.832877,353.02,0.49,24,19.536,-155.576,3437,3397,40,...
MLO,1990,12,1,0,0,0,1990.915068,354.35,0.64,28,19.536,-155.576,3437,3397,40,...
MLO,1991,1,1,0,0,0,1991,354.84,0.58,28,19.536,-155.576,3437,3397,40,...
MLO,1991,2,1,0,0,0,1991.084932,355.72,0.59,27,19.536,-155.576,3437,3397,40,...
MLO,1991,3,1,0,0,0,1991.161644,357.24,0.74,30,19.536,-155.576,3437,3397,40,...
MLO,1991,4,1,0,0,0,1991.246575,358.66,0.76,30,19.536,-155.576,3437,3397,40,...
MLO,1991,5,1,0,0,0,1991.328767,359.13,0.52,29,19.536,-155.576,3437,3397,40,...
MLO,1991,6,1,0,0,0,1991.413699,358.14,0.41,29,19.536,-155.576,3437,3397,40,...
MLO,1991,7,1,0,0,0,1991.49589,356.25,0.91,24,19.536,-155.576,3437,3397,40,...
MLO,1991,8,1,0,0,0,1991.580822,353.73,0.73,25,19.536,-155.576,3437,3397,40,...
MLO,1991,9,1,0,0,0,1991.665753,352.24,0.63,27,19.536,-155.576,3437,3397,40,...
MLO,1991,10,1,0,0,0,1991.747945,352.33,0.43,27,19.536,-155.576,3437,3397,40,...
MLO,1991,11,1,0,0,0,1991.832877,353.8,0.3,28,19.536,-155.576,3437,3397,40,...
MLO,1991,12,1,0,0,0,1991.915068,355.14,0.54,30,19.536,-155.576,3437,3397,40,...
MLO,1992,1,1,0,0,0,1992,356.25,0.53,31,19.536,-155.576,3437,3397,40,...
MLO,1992,2,1,0,0,0,1992.084699,357.11,0.56,27,19.536,-155.576,3437,3397,40,...
MLO,1992,3,1,0,0,0,1992.163934,357.84,0.95,24,19.536,-155.576,3437,3397,40,...
MLO,1992,4,1,0,0,0,1992.248634,359.1,0.62,27,19.536,-155.576,3437,3397,40,...
MLO,1992,5,1,0,0,0,1992.330601,359.59,0.76,26,19.536,-155.576,3437,3397,40,...
MLO,1992,6,1,0,0,0,1992.415301,359.33,0.76,30,19.536,-155.576,3437,3397,40,...
MLO,1992,7,1,0,0,0,1992.497268,357,1.2,26,19.536,-155.576,3437,3397,40,...
MLO,1992,8,1,0,0,0,1992.581967,355,0.69,23,19.536,-155.576,3437,3397,40,...
MLO,1992,9,1,0,0,0,1992.666667,352.93,0.95,26,19.536,-155.576,3437,3397,40,...
MLO,1992,10,1,0,0,0,1992.748634,353.35,0.45,29,19.536,-155.576,3437,3397,40,...
MLO,1992,11,1,0,0,0,1992.833333,354.3,0.43,29,19.536,-155.576,3437,3397,40,...
MLO,1992,12,1,0,0,0,1992.915301,355.57,0.62,31,19.536,-155.576,3437,3397,40,...
MLO,1993,1,1,0,0,0,1993,357.01,0.6,28,19.536,-155.576,3437,3397,40,...
MLO,1993,2,1,0,0,0,1993.084932,357.31,0.57,28,19.536,-155.576,3437,3397,40,...
MLO,1993,3,1,0,0,0,1993.161644,358.49,0.7,30,19.536,-155.576,3437,3397,40,...
MLO,1993,4,1,0,0,0,1993.246575,359.28,0.66,25,19.536,-155.576,3437,3397,40,...
MLO,1993,5,1,0,0,0,1993.328767,360.19,0.62,30,19.536,-155.576,3437,3397,40,...
MLO,1993,6,1,0,0,0,1993.413699,359.52,0.42,28,19.536,-155.576,3437,3397,40,...
MLO,1993,7,1,0,0,0,1993.49589,357.37,0.99,25,19.536,-155.576,3437,3397,40,...
MLO,1993,8,1,0,0,0,1993.580822,355.66,0.75,27,19.536,-155.576,3437,3397,40,...
MLO,1993,9,1,0,0,0,1993.665753,354.01,0.69,23,19.536,-155.576,3437,3397,40,...
MLO,1993,10,1,0,0,0,1993.747945,354.16,0.35,28,19.536,-155.576,3437,3397,40,...
MLO,1993,11,1,0,0,0,1993.832877,355.41,0.63,29,19.536,-155.576,3437,3397,40,...
MLO,1993,12,1,0,0,0,1993.915068,356.91,0.58,30,19.536,-155.576,3437,3397,40,...
MLO,1994,1,1,0,0,0,1994,358.19,0.34,27,19.536,-155.576,3437,3397,40,...
MLO,1994,2,1,0,0,0,1994.084932,358.94,0.63,25,19.536,-155.576,3437,3397,40,...
MLO,1994,3,1,0,0,0,1994.161644,359.97,1.11,29,19.536,-155.576,3437,3397,40,...
MLO,1994,4,1,0,0,0,1994.246575,361.26,0.61,28,19.536,-155.576,3437,3397,40,...
MLO,1994,5,1,0,0,0,1994.328767,361.65,0.43,30,19.536,-155.576,3437,3397,40,...
MLO,1994,6,1,0,0,0,1994.413699,360.83,0.36,27,19.536,-155.576,3437,3397,40,...
MLO,1994,7,1,0,0,0,1994.49589,359.38,0.51,31,19.536,-155.576,3437,3397,40,...
MLO,1994,8,1,0,0,0,1994.580822,357.5,0.87,24,19.536,-155.576,3437,3397,40,...
MLO,1994,9,1,0,0,0,1994.665753,355.74,0.73,24,19.536,-155.576,3437,3397,40,...
MLO,1994,10,1,0,0,0,1994.747945,356.03,0.43,28,19.536,-155.576,3437,3397,40,...
MLO,1994,11,1,0,0,0,1994.832877,357.54,0.71,28,19.536,-155.576,3437,3397,40,...
MLO,1994,12,1,0,0,0,1994.915068,358.95,0.54,28,19.536,-155.576,3437,3397,40,...
MLO,1995,1,1,0,0,0,1995,359.93,0.48,30,19.536,-155.576,3437,3397,40,...
MLO,1995,2,1,0,0,0,1995.084932,360.86,0.6,28,19.536,-155.576,3437,3397,40,...
MLO,1995,3,1,0,0,0,1995.161644,361.81,0.81,29,19.536,-155.576,3437,3397,40,...
MLO,1995,4,1,0,0,0,1995.246575,363.28,0.56,29,19.536,-155.576,3437,3397,40,...
MLO,1995,5,1,0,0,0,1995.328767,363.69,0.7,29,19.536,-155.576,3437,3397,40,...
MLO,1995,6,1,0,0,0,1995.413699,363.2,0.65,27,19.536,-155.576,3437,3397,40,...
MLO,1995,7,1,0,0,0,1995.49589,361.57,0.76,28,19.536,-155.576,3437,3397,40,...
MLO,1995,8,1,0,0,0,1995.580822,359.09,1.1,25,19.536,-155.576,3437,3397,40,...
MLO,1995,9,1,0,0,0,1995.665753,358.14,0.71,24,19.536,-155.576,3437,3397,40,...
MLO,1995,10,1,0,0,0,1995.747945,357.99,0.39,29,19.536,-155.576,3437,3397,40,...
MLO,1995,11,1,0,0,0,1995.832877,359.47,0.44,27,19.536,-155.576,3437,3397,40,...
MLO,1995,12,1,0,0,0,1995.915068,360.7,0.61,30,19.536,-155.576,3437,3397,40,...
MLO,1996,1,1,0,0,0,1996,362.06,0.32,29,19.536,-155.576,3437,3397,40,...
MLO,1996,2,1,0,0,0,1996.084699,363.26,0.67,27,19.536,-155.576,3437,3397,40,...
MLO,1996,3,1,0,0,0,1996.163934,364.17,0.71,27,19.536,-155.576,3437,3397,40,...
MLO,1996,4,1,0,0,0,1996.248634,364.59,0.61,29,19.536,-155.576,3437,3397,40,...
MLO,1996,5,1,0,0,0,1996.330601,365.12,0.59,30,19.536,-155.576,3437,3397,40,...
MLO,1996,6,1,0,0,0,1996.415301,364.92,0.45,30,19.536,-155.576,3437,3397,40,...
MLO,1996,7,1,0,0,0,1996.497268,363.55,0.64,31,19.536,-155.576,3437,3397,40,...
MLO,1996,8,1,0,0,0,1996.581967,361.4,0.61,28,19.536,-155.576,3437,3397,40,...
MLO,1996,9,1,0,0,0,1996.666667,359.58,0.89,25,19.536,-155.576,3437,3397,40,...
MLO,1996,10,1,0,0,0,1996.748634,359.6,0.32,29,19.536,-155.576,3437,3397,40,...
MLO,1996,11,1,0,0,0,1996.833333,360.9,0.51,29,19.536,-155.576,3437,3397,40,...
MLO,1996,12,1,0,0,0,1996.915301,362.27,0.46,29,19.536,-155.576,3437,3397,40,...
MLO,1997,1,1,0,0,0,1997,363.09,0.44,31,19.536,-155.576,3437,3397,40,...
MLO,1997,2,1,0,0,0,1997.084932,364.02,0.65,27,19.536,-155.576,3437,3397,40,...
MLO,1997,3,1,0,0,0,1997.161644,364.51,0.7,31,19.536,-155.576,3437,3397,40,...
MLO,1997,4,1,0,0,0,1997.246575,366.38,0.59,21,19.536,-155.576,3437,3397,40,...
MLO,1997,5,1,0,0,0,1997.328767,366.64,0.5,29,19.536,-155.576,3437,3397,40,...
MLO,1997,6,1,0,0,0,1997.413699,365.53,0.39,27,19.536,-155.576,3437,3397,40,...
MLO,1997,7,1,0,0,0,1997.49589,364.35,0.7,24,19.536,-155.576,3437,3397,40,...
MLO,1997,8,1,0,0,0,1997.580822,362.28,0.95,25,19.536,-155.576,3437,3397,40,...
MLO,1997,9,1,0,0,0,1997.665753,360.31,0.79,26,19.536,-155.576,3437,3397,40,...
MLO,1997,10,1,0,0,0,1997.747945,360.84,0.45,27,19.536,-155.576,3437,3397,40,...
MLO,1997,11,1,0,0,0,1997.832877,362.49,0.64,30,19.536,-155.576,3437,3397,40,...
MLO,1997,12,1,0,0,0,1997.915068,364.38,0.53,30,19.536,-155.576,3437,3397,40,...
MLO,1998,1,1,0,0,0,1998,365.26,0.41,30,19.536,-155.576,3437,3397,40,...
MLO,1998,2,1,0,0,0,1998.084932,365.98,0.69,28,19.536,-155.576,3437,3397,40,...
MLO,1998,3,1,0,0,0,1998.161644,367.24,0.92,31,19.536,-155.576,3437,3397,40,...
MLO,1998,4,1,0,0,0,1998.246575,368.66,0.63,29,19.536,-155.576,3437,3397,40,...
MLO,1998,5,1,0,0,0,1998.328767,369.42,0.77,30,19.536,-155.576,3437,3397,40,...
MLO,1998,6,1,0,0,0,1998.413699,368.97,0.42,28,19.536,-155.576,3437,3397,40,...
MLO,1998,7,1,0,0,0,1998.49589,367.84,0.73,23,19.536,-155.576,3437,3397,40,...
MLO,1998,8,1,0,0,0,1998.580822,365.98,0.75,30,19.536,-155.576,3437,3397,40,...
MLO,1998,9,1,0,0,0,1998.665753,364.03,0.6,28,19.536,-155.576,3437,3397,40,...
MLO,1998,10,1,0,0,0,1998.747945,364.4,0.37,30,19.536,-155.576,3437,3397,40,...
MLO,1998,11,1,0,0,0,1998.832877,365.49,0.46,23,19.536,-155.576,3437,3397,40,...
MLO,1998,12,1,0,0,0,1998.915068,367.19,0.44,26,19.536,-155.576,3437,3397,40,...
MLO,1999,1,1,0,0,0,1999,368.15,0.61,27,19.536,-155.576,3437,3397,40,...
MLO,1999,2,1,0,0,0,1999.084932,369.05,0.52,22,19.536,-155.576,3437,3397,40,...
MLO,1999,3,1,0,0,0,1999.161644,369.7,1.18,25,19.536,-155.576,3437,3397,40,...
MLO,1999,4,1,0,0,0,1999.246575,371,0.74,29,19.536,-155.576,3437,3397,40,...
MLO,1999,5,1,0,0,0,1999.328767,370.96,0.61,26,19.536,-155.576,3437,3397,40,...
MLO,1999,6,1,0,0,0,1999.413699,370.33,0.52,26,19.536,-155.576,3437,3397,40,...
MLO,1999,7,1,0,0,0,1999.49589,369.39,0.93,27,19.536,-155.576,3437,3397,40,...
MLO,1999,8,1,0,0,0,1999.580822,366.9,0.66,25,19.536,-155.576,3437,3397,40,...
MLO,1999,9,1,0,0,0,1999.665753,364.8,0.66,28,19.536,-155.576,3437,3397,40,...
MLO,1999,10,1,0,0,0,1999.747945,365.37,0.4,31,19.536,-155.576,3437,3397,40,...
MLO,1999,11,1,0,0,0,1999.832877,366.71,0.5,28,19.536,-155.576,3437,3397,40,...
MLO,1999,12,1,0,0,0,1999.915068,368.11,0.46,26,19.536,-155.576,3437,3397,40,...
MLO,2000,1,1,0,0,0,2000,369.27,0.66,26,19.536,-155.576,3437,3397,40,...
MLO,2000,2,1,0,0,0,2000.084699,369.6,0.49,19,19.536,-155.576,3437,3397,40,...
MLO,2000,3,1,0,0,0,2000.163934,370.59,0.56,30,19.536,-155.576,3437,3397,40,...
MLO,2000,4,1,0,0,0,2000.248634,371.8,0.65,27,19.536,-155.576,3437,3397,40,...
MLO,2000,5,1,0,0,0,2000.330601,371.59,0.54,28,19.536,-155.576,3437,3397,40,...
MLO,2000,6,1,0,0,0,2000.415301,371.7,0.32,28,19.536,-155.576,3437,3397,40,...
MLO,2000,7,1,0,0,0,2000.497268,369.91,0.57,25,19.536,-155.576,3437,3397,40,...
MLO,2000,8,1,0,0,0,2000.581967,368.23,0.68,27,19.536,-155.576,3437,3397,40,...
MLO,2000,9,1,0,0,0,2000.666667,367.01,0.45,26,19.536,-155.576,3437,3397,40,...
MLO,2000,10,1,0,0,0,2000.748634,367.03,0.48,30,19.536,-155.576,3437,3397,40,...
MLO,2000,11,1,0,0,0,2000.833333,368.37,0.35,25,19.536,-155.576,3437,3397,40,...
MLO,2000,12,1,0,0,0,2000.915301,369.69,0.35,30,19.536,-155.576,3437,3397,40,...
MLO,2001,1,1,0,0,0,2001,370.59,0.67,30,19.536,-155.576,3437,3397,40,...
MLO,2001,2,1,0,0,0,2001.084932,371.52,0.56,26,19.536,-155.576,3437,3397,40,...
MLO,2001,3,1,0,0,0,2001.161644,372.42,0.45,26,19.536,-155.576,3437,3397,40,...
MLO,2001,4,1,0,0,0,2001.246575,373.35,0.7,29,19.536,-155.576,3437,3397,40,...
MLO,2001,5,1,0,0,0,2001.328767,373.85,0.4,24,19.536,-155.576,3437,3397,40,...
MLO,2001,6,1,0,0,0,2001.413699,373.17,0.35,26,19.536,-155.576,3437,3397,40,...
MLO,2001,7,1,0,0,0,2001.49589,371.54,0.85,25,19.536,-155.576,3437,3397,40,...
MLO,2001,8,1,0,0,0,2001.580822,369.49,0.61,27,19.536,-155.576,3437,3397,40,...
MLO,2001,9,1,0,0,0,2001.665753,368.19,0.57,28,19.536,-155.576,3437,3397,40,...
MLO,2001,10,1,0,0,0,2001.747945,368.45,0.47,31,19.536,-155.576,3437,3397,40,...
MLO,2001,11,1,0,0,0,2001.832877,369.79,0.63,24,19.536,-155.576,3437,3397,40,...
MLO,2001,12,1,0,0,0,2001.915068,371.23,0.53,29,19.536,-155.576,3437,3397,40,...
MLO,2002,1,1,0,0,0,2002,372.5,0.53,28,19.536,-155.576,3437,3397,40,...
MLO,2002,2,1,0,0,0,2002.084932,373.2,0.74,28,19.536,-155.576,3437,3397,40,...
MLO,2002,3,1,0,0,0,2002.161644,374.07,0.66,24,19.536,-155.576,3437,3397,40,...
MLO,2002,4,1,0,0,0,2002.246575,375.02,0.73,29,19.536,-155.576,3437,3397,40,...
MLO,2002,5,1,0,0,0,2002.328767,375.76,0.57,29,19.536,-155.576,3437,3397,40,...
MLO,2002,6,1,0,0,0,2002.413699,375.54,0.52,28,19.536,-155.576,3437,3397,40,...
MLO,2002,7,1,0,0,0,2002.49589,374.09,0.81,26,19.536,-155.576,3437,3397,40,...
MLO,2002,8,1,0,0,0,2002.580822,371.85,1.04,28,19.536,-155.576,3437,3397,40,...
MLO,2002,9,1,0,0,0,2002.665753,370.73,0.74,23,19.536,-155.576,3437,3397,40,...
MLO,2002,10,1,0,0,0,2002.747945,370.55,0.7,31,19.536,-155.576,3437,3397,40,...
MLO,2002,11,1,0,0,0,2002.832877,372.24,0.6,29,19.536,-155.576,3437,3397,40,...
MLO,2002,12,1,0,0,0,2002.915068,373.79,0.73,31,19.536,-155.576,3437,3397,40,...
MLO,2003,1,1,0,0,0,2003,374.88,0.57,30,19.536,-155.576,3437,3397,40,...
MLO,2003,2,1,0,0,0,2003.084932,375.63,0.71,27,19.536,-155.576,3437,3397,40,...
MLO,2003,3,1,0,0,0,2003.161644,376.44,0.69,28,19.536,-155.576,3437,3397,40,...
MLO,2003,4,1,0,0,0,2003.246575,377.73,0.76,27,19.536,-155.576,3437,3397,40,...
MLO,2003,5,1,0,0,0,2003.328767,378.59,0.81,30,19.536,-155.576,3437,3397,40,...
MLO,2003,6,1,0,0,0,2003.413699,378.24,0.4,25,19.536,-155.576,3437,3397,40,...
MLO,2003,7,1,0,0,0,2003.49589,376.68,0.85,29,19.536,-155.576,3437,3397,40,...
MLO,2003,8,1,0,0,0,2003.580822,374.55,0.88,23,19.536,-155.576,3437,3397,40,...
MLO,2003,9,1,0,0,0,2003.665753,373.14,0.36,25,19.536,-155.576,3437,3397,40,...
MLO,2003,10,1,0,0,0,2003.747945,373.14,0.38,30,19.536,-155.576,3437,3397,40,...
MLO,2003,11,1,0,0,0,2003.832877,374.76,0.63,26,19.536,-155.576,3437,3397,40,...
MLO,2003,12,1,0,0,0,2003.915068,375.93,0.51,27,19.536,-155.576,3437,3397,40,...
MLO,2004,1,1,0,0,0,2004,376.99,0.72,30,19.536,-155.576,3437,3397,40,...
MLO,2004,2,1,0,0,0,2004.084699,377.88,0.73,29,19.536,-155.576,3437,3397,40,...
MLO,2004,3,1,0,0,0,2004.163934,378.9,0.89,28,19.536,-155.576,3437,3397,40,...
MLO,2004,4,1,0,0,0,2004.248634,380.36,0.65,26,19.536,-155.576,3437,3397,40,...
MLO,2004,5,1,0,0,0,2004.330601,380.62,0.59,28,19.536,-155.576,3437,3397,40,...
MLO,2004,6,1,0,0,0,2004.415301,379.77,0.49,21,19.536,-155.576,3437,3397,40,...
MLO,2004,7,1,0,0,0,2004.497268,377.42,1.04,25,19.536,-155.576,3437,3397,40,...
MLO,2004,8,1,0,0,0,2004.581967,376.24,0.54,16,19.536,-155.576,3437,3397,40,...
MLO,2004,9,1,0,0,0,2004.666667,374.31,0.48,15,19.536,-155.576,3437,3397,40,...
MLO,2004,10,1,0,0,0,2004.748634,374.48,0.44,29,19.536,-155.576,3437,3397,40,...
MLO,2004,11,1,0,0,0,2004.833333,376.17,0.84,29,19.536,-155.576,3437,3397,40,...
MLO,2004,12,1,0,0,0,2004.915301,377.5,0.36,30,19.536,-155.576,3437,3397,40,...
MLO,2005,1,1,0,0,0,2005,378.46,0.41,31,19.536,-155.576,3437,3397,40,...
MLO,2005,2,1,0,0,0,2005.084932,379.75,0.71,24,19.536,-155.576,3437,3397,40,...
MLO,2005,3,1,0,0,0,2005.161644,380.82,1.12,26,19.536,-155.576,3437,3397,40,...
MLO,2005,4,1,0,0,0,2005.246575,382.29,0.49,26,19.536,-155.576,3437,3397,40,...
MLO,2005,5,1,0,0,0,2005.328767,382.45,0.7,31,19.536,-155.576,3437,3397,40,...
MLO,2005,6,1,0,0,0,2005.413699,382.23,0.5,28,19.536,-155.576,3437,3397,40,...
MLO,2005,7,1,0,0,0,2005.49589,380.71,0.54,29,19.536,-155.576,3437,3397,40,...
MLO,2005,8,1,0,0,0,2005.580822,378.78,0.79,26,19.536,-155.576,3437,3397,40,...
MLO,2005,9,1,0,0,0,2005.665753,376.68,0.72,26,19.536,-155.576,3437,3397,40,...
MLO,2005,10,1,0,0,0,2005.747945,376.82,0.36,14,19.536,-155.576,3437,3397,40,...
MLO,2005,11,1,0,0,0,2005.832877,378.38,0.56,23,19.536,-155.576,3437,3397,40,...
MLO,2005,12,1,0,0,0,2005.915068,380.09,0.53,26,19.536,-155.576,3437,3397,40,...
MLO,2006,1,1,0,0,0,2006,381.42,0.31,24,19.536,-155.576,3437,3397,40,...
MLO,2006,2,1,0,0,0,2006.084932,382.21,0.49,25,19.536,-155.576,3437,3397,40,...
MLO,2006,3,1,0,0,0,2006.161644,382.68,0.43,30,19.536,-155.576,3437,3397,40,...
MLO,2006,4,1,0,0,0,2006.246575,384.68,0.43,25,19.536,-155.576,3437,3397,40,...
MLO,2006,5,1,0,0,0,2006.328767,385.03,0.46,24,19.536,-155.576,3437,3397,40,...
MLO,2006,6,1,0,0,0,2006.413699,384.05,0.54,28,19.536,-155.576,3437,3397,40,...
MLO,2006,7,1,0,0,0,2006.49589,382.45,0.61,24,19.536,-155.576,3437,3397,40,...
MLO,2006,8,1,0,0,0,2006.580822,380.38,0.74,27,19.536,-155.576,3437,3397,40,...
MLO,2006,9,1,0,0,0,2006.665753,378.82,0.38,27,19.536,-155.576,3437,3397,40,...
MLO,2006,10,1,0,0,0,2006.747945,379.12,0.5,23,19.536,-155.576,3437,3397,40,...
MLO,2006,11,1,0,0,0,2006.832877,380.13,0.65,29,19.536,-155.576,3437,3397,40,...
MLO,2006,12,1,0,0,0,2006.915068,381.78,0.47,27,19.536,-155.576,3437,3397,40,...
MLO,2007,1,1,0,0,0,2007,382.9,1.02,24,19.536,-155.576,3437,3397,40,...
MLO,2007,2,1,0,0,0,2007.084932,383.87,0.86,21,19.536,-155.576,3437,3397,40,...
MLO,2007,3,1,0,0,0,2007.161644,384.54,1,26,19.536,-155.576,3437,3397,40,...
MLO,2007,4,1,0,0,0,2007.246575,386.5,0.87,26,19.536,-155.576,3437,3397,40,...
MLO,2007,5,1,0,0,0,2007.328767,386.56,0.66,29,19.536,-155.576,3437,3397,40,...
MLO,2007,6,1,0,0,0,2007.413699,386.14,0.78,26,19.536,-155.576,3437,3397,40,...
MLO,2007,7,1,0,0,0,2007.49589,384.57,0.85,27,19.536,-155.576,3437,3397,40,...
MLO,2007,8,1,0,0,0,2007.580822,382.05,0.69,22,19.536,-155.576,3437,3397,40,...
MLO,2007,9,1,0,0,0,2007.665753,380.92,0.52,21,19.536,-155.576,3437,3397,40,...
MLO,2007,10,1,0,0,0,2007.747945,381.13,0.34,29,19.536,-155.576,3437,3397,40,...
MLO,2007,11,1,0,0,0,2007.832877,382.45,0.53,30,19.536,-155.576,3437,3397,40,...
MLO,2007,12,1,0,0,0,2007.915068,383.98,0.45,21,19.536,-155.576,3437,3397,40,...
MLO,2008,1,1,0,0,0,2008,385.52,0.93,31,19.536,-155.576,3437,3397,40,...
MLO,2008,2,1,0,0,0,2008.084699,385.8,0.69,26,19.536,-155.576,3437,3397,40,...
MLO,2008,3,1,0,0,0,2008.163934,386.05,0.73,30,19.536,-155.576,3437,3397,40,...
MLO,2008,4,1,0,0,0,2008.248634,387.17,1.21,24,19.536,-155.576,3437,3397,40,...
MLO,2008,5,1,0,0,0,2008.330601,388.54,0.71,25,19.536,-155.576,3437,3397,40,...
MLO,2008,6,1,0,0,0,2008.415301,387.88,0.63,23,19.536,-155.576,3437,3397,40,...
MLO,2008,7,1,0,0,0,2008.497268,385.64,1.07,10,19.536,-155.576,3437,3397,40,...
MLO,2008,8,1,0,0,0,2008.581967,384.11,0.97,25,19.536,-155.576,3437,3397,40,...
MLO,2008,9,1,0,0,0,2008.666667,383.19,0.37,27,19.536,-155.576,3437,3397,40,...
MLO,2008,10,1,0,0,0,2008.748634,382.93,0.35,23,19.536,-155.576,3437,3397,40,...
MLO,2008,11,1,0,0,0,2008.833333,384.2,0.38,28,19.536,-155.576,3437,3397,40,...
MLO,2008,12,1,0,0,0,2008.915301,385.53,0.44,29,19.536,-155.576,3437,3397,40,...
MLO,2009,1,1,0,0,0,2009,386.93,0.54,30,19.536,-155.576,3437,3397,40,...
MLO,2009,2,1,0,0,0,2009.084932,387.49,0.68,26,19.536,-155.576,3437,3397,40,...
MLO,2009,3,1,0,0,0,2009.161644,388.82,0.61,28,19.536,-155.576,3437,3397,40,...
MLO,2009,4,1,0,0,0,2009.246575,389.54,0.94,29,19.536,-155.576,3437,3397,40,...
MLO,2009,5,1,0,0,0,2009.328767,390.14,0.55,30,19.536,-155.576,3437,3397,40,...
MLO,2009,6,1,0,0,0,2009.413699,389.5,0.83,29,19.536,-155.576,3437,3397,40,...
MLO,2009,7,1,0,0,0,2009.49589,388.03,0.51,22,19.536,-155.576,3437,3397,40,...
MLO,2009,8,1,0,0,0,2009.580822,386.13,0.85,27,19.536,-155.576,3437,3397,40,...
MLO,2009,9,1,0,0,0,2009.665753,384.73,0.62,28,19.536,-155.576,3437,3397,40,...
MLO,2009,10,1,0,0,0,2009.747945,384.44,0.53,30,19.536,-155.576,3437,3397,40,...
MLO,2009,11,1,0,0,0,2009.832877,386.02,0.58,30,19.536,-155.576,3437,3397,40,...
MLO,2009,12,1,0,0,0,2009.915068,387.38,0.62,20,19.536,-155.576,3437,3397,40,...
MLO,2010,1,1,0,0,0,2010,388.71,0.89,30,19.536,-155.576,3437,3397,40,...
MLO,2010,2,1,0,0,0,2010.084932,390.19,1.21,20,19.536,-155.576,3437,3397,40,...
MLO,2010,3,1,0,0,0,2010.161644,391.18,1.01,25,19.536,-155.576,3437,3397,40,...
MLO,2010,4,1,0,0,0,2010.246575,392.46,1,26,19.536,-155.576,3437,3397,40,...
MLO,2010,5,1,0,0,0,2010.328767,393,0.66,28,19.536,-155.576,3437,3397,40,...
MLO,2010,6,1,0,0,0,2010.413699,392.17,0.83,28,19.536,-155.576,3437,3397,40,...
MLO,2010,7,1,0,0,0,2010.49589,390.21,0.58,29,19.536,-155.576,3437,3397,40,...
MLO,2010,8,1,0,0,0,2010.580822,388.36,0.67,26,19.536,-155.576,3437,3397,40,...
MLO,2010,9,1,0,0,0,2010.665753,386.84,0.55,29,19.536,-155.576,3437,3397,40,...
MLO,2010,10,1,0,0,0,2010.747945,387.24,0.47,31,19.536,-155.576,3437,3397,40,...
MLO,2010,11,1,0,0,0,2010.832877,388.65,0.74,28,19.536,-155.576,3437,3397,40,...
MLO,2010,12,1,0,0,0,2010.915068,389.79,0.44,29,19.536,-155.576,3437,3397,40,...
MLO,2011,1,1,0,0,0,2011,391.33,0.9,29,19.536,-155.576,3437,3397,40,...
MLO,2011,2,1,0,0,0,2011.084932,391.86,0.5,28,19.536,-155.576,3437,3397,40,...
MLO,2011,3,1,0,0,0,2011.161644,392.58,1.21,29,19.536,-155.576,3437,3397,40,...
MLO,2011,4,1,0,0,0,2011.246575,393.23,0.72,28,19.536,-155.576,3437,3397,40,...
MLO,2011,5,1,0,0,0,2011.328767,394.19,1.04,30,19.536,-155.576,3437,3397,40,...
MLO,2011,6,1,0,0,0,2011.413699,393.7,0.45,28,19.536,-155.576,3437,3397,40,...
MLO,2011,7,1,0,0,0,2011.49589,392.52,1,26,19.536,-155.576,3437,3397,40,...
MLO,2011,8,1,0,0,0,2011.580822,390.19,0.78,27,19.536,-155.576,3437,3397,40,...
MLO,2011,9,1,0,0,0,2011.665753,389.04,0.38,26,19.536,-155.576,3437,3397,40,...
MLO,2011,10,1,0,0,0,2011.747945,389,0.29,31,19.536,-155.576,3437,3397,40,...
MLO,2011,11,1,0,0,0,2011.832877,390.29,0.58,28,19.536,-155.576,3437,3397,40,...
MLO,2011,12,1,0,0,0,2011.915068,391.84,0.56,28,19.536,-155.576,3437,3397,40,...
MLO,2012,1,1,0,0,0,2012,393.12,0.77,30,19.536,-155.576,3437,3397,40,...
MLO,2012,2,1,0,0,0,2012.084699,393.87,1.23,26,19.536,-155.576,3437,3397,40,...
MLO,2012,3,1,0,0,0,2012.163934,394.39,0.79,30,19.536,-155.576,3437,3397,40,...
MLO,2012,4,1,0,0,0,2012.248634,396.19,0.72,29,19.536,-155.576,3437,3397,40,...
MLO,2012,5,1,0,0,0,2012.330601,396.74,0.6,30,19.536,-155.576,3437,3397,40,...
MLO,2012,6,1,0,0,0,2012.415301,395.73,0.66,28,19.536,-155.576,3437,3397,40,...
MLO,2012,7,1,0,0,0,2012.497268,394.38,0.52,26,19.536,-155.576,3437,3397,40,...
MLO,2012,8,1,0,0,0,2012.581967,392.36,0.88,30,19.536,-155.576,3437,3397,40,...
MLO,2012,9,1,0,0,0,2012.666667,391.11,0.53,27,19.536,-155.576,3437,3397,40,...
MLO,2012,10,1,0,0,0,2012.748634,391.05,0.29,28,19.536,-155.576,3437,3397,40,...
MLO,2012,11,1,0,0,0,2012.833333,393,0.79,29,19.536,-155.576,3437,3397,40,...
MLO,2012,12,1,0,0,0,2012.915301,394.34,0.55,29,19.536,-155.576,3437,3397,40,...
MLO,2013,1,1,0,0,0,2013,395.57,0.69,28,19.536,-155.576,3437,3397,40,...
MLO,2013,2,1,0,0,0,2013.084932,396.8,0.64,25,19.536,-155.576,3437,3397,40,...
MLO,2013,3,1,0,0,0,2013.161644,397.44,0.76,30,19.536,-155.576,3437,3397,40,...
MLO,2013,4,1,0,0,0,2013.246575,398.38,0.87,22,19.536,-155.576,3437,3397,40,...
MLO,2013,5,1,0,0,0,2013.328767,399.78,0.37,28,19.536,-155.576,3437,3397,40,...
MLO,2013,6,1,0,0,0,2013.413699,398.65,0.48,26,19.536,-155.576,3437,3397,40,...
MLO,2013,7,1,0,0,0,2013.49589,397.26,0.76,21,19.536,-155.576,3437,3397,40,...
MLO,2013,8,1,0,0,0,2013.580822,395.2,0.87,27,19.536,-155.576,3437,3397,40,...
MLO,2013,9,1,0,0,0,2013.665753,393.47,0.51,27,19.536,-155.576,3437,3397,40,...
MLO,2013,10,1,0,0,0,2013.747945,393.7,0.39,28,19.536,-155.576,3437,3397,40,...
MLO,2013,11,1,0,0,0,2013.832877,395.16,0.76,30,19.536,-155.576,3437,3397,40,...
MLO,2013,12,1,0,0,0,2013.915068,396.83,0.73,30,19.536,-155.576,3437,3397,40,...
MLO,2014,1,1,0,0,0,2014,397.85,0.5,31,19.536,-155.576,3437,3397,40,...
MLO,2014,2,1,0,0,0,2014.084932,398,0.38,26,19.536,-155.576,3437,3397,40,...
MLO,2014,3,1,0,0,0,2014.161644,399.75,1.19,24,19.536,-155.576,3437,3397,40,...
MLO,2014,4,1,0,0,0,2014.246575,401.36,0.62,28,19.536,-155.576,3437,3397,40,...
MLO,2014,5,1,0,0,0,2014.328767,401.77,0.5,22,19.536,-155.576,3437,3397,40,...
MLO,2014,6,1,0,0,0,2014.413699,401.26,0.54,28,19.536,-155.576,3437,3397,40,...
MLO,2014,7,1,0,0,0,2014.49589,399.2,1,25,19.536,-155.576,3437,3397,40,...
MLO,2014,8,1,0,0,0,2014.580822,397.01,0.55,21,19.536,-155.576,3437,3397,40,...
MLO,2014,9,1,0,0,0,2014.665753,395.34,0.63,21,19.536,-155.576,3437,3397,40,...
MLO,2014,10,1,0,0,0,2014.747945,396,0.93,24,19.536,-155.576,3437,3397,40,...
MLO,2014,11,1,0,0,0,2014.832877,397.25,0.53,27,19.536,-155.576,3437,3397,40,...
MLO,2014,12,1,0,0,0,2014.915068,398.93,0.6,29,19.536,-155.576,3437,3397,40,...
MLO,2015,1,1,0,0,0,2015,399.98,0.53,30,19.536,-155.576,3437,3397,40,...
MLO,2015,2,1,0,0,0,2015.084932,400.28,0.6,27,19.536,-155.576,3437,3397,40,...
MLO,2015,3,1,0,0,0,2015.161644,401.57,1.03,24,19.536,-155.576,3437,3397,40,...
MLO,2015,4,1,0,0,0,2015.246575,403.31,0.91,27,19.536,-155.576,3437,3397,40,...
MLO,2015,5,1,0,0,0,2015.328767,403.95,0.33,30,19.536,-155.576,3437,3397,40,...
MLO,2015,6,1,0,0,0,2015.413699,402.8,0.59,28,19.536,-155.576,3437,3397,40,...
MLO,2015,7,1,0,0,0,2015.49589,401.27,0.86,23,19.536,-155.576,3437,3397,40,...
MLO,2015,8,1,0,0,0,2015.580822,398.89,0.6,28,19.536,-155.576,3437,3397,40,...
MLO,2015,9,1,0,0,0,2015.665753,397.63,0.54,25,19.536,-155.576,3437,3397,40,...
MLO,2015,10,1,0,0,0,2015.747945,398.3,0.56,28,19.536,-155.576,3437,3397,40,...
MLO,2015,11,1,0,0,0,2015.832877,400.18,0.96,27,19.536,-155.576,3437,3397,40,...
MLO,2015,12,1,0,0,0,2015.915068,401.86,0.91,30,19.536,-155.576,3437,3397,40,...
MLO,2016,1,1,0,0,0,2016,402.58,0.65,27,19.536,-155.576,3437,3397,40,...
MLO,2016,2,1,0,0,0,2016.084699,404.15,1.05,25,19.536,-155.576,3437,3397,40,...
MLO,2016,3,1,0,0,0,2016.163934,404.87,1.07,28,19.536,-155.576,3437,3397,40,...
MLO,2016,4,1,0,0,0,2016.248634,407.47,1.23,25,19.536,-155.576,3437,3397,40,...
MLO,2016,5,1,0,0,0,2016.330601,407.73,0.48,29,19.536,-155.576,3437,3397,40,...
MLO,2016,6,1,0,0,0,2016.415301,406.84,0.74,26,19.536,-155.576,3437,3397,40,...
MLO,2016,7,1,0,0,0,2016.497268,404.34,1.16,28,19.536,-155.576,3437,3397,40,...
MLO,2016,8,1,0,0,0,2016.581967,402.29,1,23,19.536,-155.576,3437,3397,40,...
MLO,2016,9,1,0,0,0,2016.666667,401.05,0.48,24,19.536,-155.576,3437,3397,40,...
MLO,2016,10,1,0,0,0,2016.748634,401.59,0.59,29,19.536,-155.576,3437,3397,40,...
MLO,2016,11,1,0,0,0,2016.833333,403.56,0.94,27,19.536,-155.576,3437,3397,40,...
MLO,2016,12,1,0,0,0,2016.915301,404.47,0.5,30,19.536,-155.576,3437,3397,40,...
MLO,2017,1,1,0,0,0,2017,406.13,0.69,26,19.536,-155.576,3437,3397,40,...
MLO,2017,2,1,0,0,0,2017.084932,406.45,0.82,26,19.536,-155.576,3437,3397,40,...
MLO,2017,3,1,0,0,0,2017.161644,407.26,1.04,23,19.536,-155.576,3437,3397,40,...
MLO,2017,4,1,0,0,0,2017.246575,409.06,1.17,25,19.536,-155.576,3437,3397,40,...
MLO,2017,5,1,0,0,0,2017.328767,409.68,0.64,27,19.536,-155.576,3437,3397,40,...
MLO,2017,6,1,0,0,0,2017.413699,408.89,0.95,26,19.536,-155.576,3437,3397,40,...
MLO,2017,7,1,0,0,0,2017.49589,407.1,0.72,28,19.536,-155.576,3437,3397,40,...
MLO,2017,8,1,0,0,0,2017.580822,405.09,0.75,29,19.536,-155.576,3437,3397,40,...
MLO,2017,9,1,0,0,0,2017.665753,403.39,0.56,26,19.536,-155.576,3437,3397,40,...
MLO,2017,10,1,0,0,0,2017.747945,403.62,0.5,27,19.536,-155.576,3437,3397,40,...
MLO,2017,11,1,0,0,0,2017.832877,405.05,0.91,26,19.536,-155.576,3437,3397,40,...
MLO,2017,12,1,0,0,0,2017.915068,406.81,0.61,31,19.536,-155.576,3437,3397,40,...
MLO,2018,1,1,0,0,0,2018,407.96,0.62,29,19.536,-155.576,3437,3397,40,...
MLO,2018,2,1,0,0,0,2018.084932,408.32,0.61,28,19.536,-155.576,3437,3397,40,...
MLO,2018,3,1,0,0,0,2018.161644,409.39,0.66,30,19.536,-155.576,3437,3397,40,...
MLO,2018,4,1,0,0,0,2018.246575,410.23,1.18,21,19.536,-155.576,3437,3397,40,...
MLO,2018,5,1,0,0,0,2018.328767,411.23,0.98,24,19.536,-155.576,3437,3397,40,...
MLO,2018,6,1,0,0,0,2018.413699,410.8,0.61,29,19.536,-155.576,3437,3397,40,...
MLO,2018,7,1,0,0,0,2018.49589,408.66,0.73,27,19.536,-155.576,3437,3397,40,...
MLO,2018,8,1,0,0,0,2018.580822,407.02,0.41,30,19.536,-155.576,3437,3397,40,...
MLO,2018,9,1,0,0,0,2018.665753,405.52,0.41,29,19.536,-155.576,3437,3397,40,...
MLO,2018,10,1,0,0,0,2018.747945,406,0.52,30,19.536,-155.576,3437,3397,40,...
MLO,2018,11,1,0,0,0,2018.832877,408.08,0.87,24,19.536,-155.576,3437,3397,40,...
MLO,2018,12,1,0,0,0,2018.915068,409.09,0.5,30,19.536,-155.576,3437,3397,40,...
MLO,2019,1,1,0,0,0,2019,410.84,1.4,26,19.536,-155.576,3437,3397,40,...
MLO,2019,2,1,0,0,0,2019.084932,411.75,1.16,27,19.536,-155.576,3437,3397,40,...
MLO,2019,3,1,0,0,0,2019.161644,411.93,1.11,28,19.536,-155.576,3437,3397,40,...
MLO,2019,4,1,0,0,0,2019.246575,413.34,0.89,27,19.536,-155.576,3437,3397,40,...
MLO,2019,5,1,0,0,0,2019.328767,414.64,0.55,28,19.536,-155.576,3437,3397,40,...
MLO,2019,6,1,0,0,0,2019.413699,413.92,0.51,27,19.536,-155.576,3437,3397,40,...
MLO,2019,7,1,0,0,0,2019.49589,411.79,1.39,25,19.536,-155.576,3437,3397,40,...
MLO,2019,8,1,0,0,0,2019.580822,409.99,0.51,29,19.536,-155.576,3437,3397,40,...
MLO,2019,9,1,0,0,0,2019.665753,408.54,0.39,29,19.536,-155.576,3437,3397,40,...
MLO,2019,10,1,0,0,0,2019.747945,408.51,0.47,29,19.536,-155.576,3437,3397,40,...
MLO,2019,11,1,0,0,0,2019.832877,410.29,0.43,26,19.536,-155.576,3437,3397,40,...
MLO,2019,12,1,0,0,0,2019.915068,411.76,0.72,31,19.536,-155.576,3437,3397,40,...
